Homogenous,Core _Shell
2.92E-10,0.000695108
5.83E-10,0.000716263
8.75E-10,0.000737825
1.17E-09,0.000759793
1.46E-09,0.000782167
1.75E-09,0.000804944
2.04E-09,0.000828122
2.33E-09,0.0008517
2.62E-09,0.000875675
2.92E-09,0.000900046
3.21E-09,0.000924809
3.50E-09,0.000949963
3.79E-09,0.000975505
6.29E-07,0.00100143
7.74E-07,0.001027737
9.39E-07,0.001054422
1.13E-06,0.001081482
1.34E-06,0.001108912
1.57E-06,0.001136708
1.84E-06,0.001164868
2.13E-06,0.001193385
2.44E-06,0.001222256
2.79E-06,0.001251476
3.18E-06,0.00128104
3.59E-06,0.001310942
4.04E-06,0.001341178
4.52E-06,0.001371742
5.05E-06,0.001402629
5.61E-06,0.001433832
6.21E-06,0.001465344
6.85E-06,0.001497161
7.54E-06,0.001529276
8.27E-06,0.001561681
9.05E-06,0.001594369
9.88E-06,0.001627335
1.08E-05,0.001660571
1.17E-05,0.001694068
1.27E-05,0.00172782
1.37E-05,0.001761819
1.48E-05,0.001796058
1.59E-05,0.001830527
1.71E-05,0.001865218
1.84E-05,0.001900124
1.97E-05,0.001935236
2.11E-05,0.001970544
2.25E-05,0.002006041
2.40E-05,0.002041717
2.56E-05,0.002077564
2.72E-05,0.002113571
2.89E-05,0.00214973
3.07E-05,0.002186031
3.26E-05,0.002222465
3.45E-05,0.002259022
3.65E-05,0.002295692
3.86E-05,0.002332465
4.07E-05,0.002369332
4.30E-05,0.002406282
4.53E-05,0.002443306
4.77E-05,0.002480394
5.02E-05,0.002517535
5.28E-05,0.002554719
5.54E-05,0.002591935
5.82E-05,0.002629175
6.10E-05,0.002666426
6.40E-05,0.00270368
6.70E-05,0.002740925
7.01E-05,0.002778152
7.33E-05,0.00281535
7.66E-05,0.002852509
8.00E-05,0.002889618
8.35E-05,0.002926668
8.72E-05,0.002963648
9.09E-05,0.003000548
9.47E-05,0.003037359
9.86E-05,0.003074069
0.000102679,0.003110669
0.000106828,0.00314715
0.000111089,0.003183501
0.000115462,0.003219713
0.00011995,0.003255776
0.000124553,0.003291681
0.000129274,0.003327418
0.000134113,0.003362978
0.000139073,0.003398352
0.000144154,0.00343353
0.000149358,0.003468505
0.000154686,0.003503267
0.000160141,0.003537808
0.000165722,0.003572119
0.000171433,0.003606192
0.000177274,0.003640019
0.000183246,0.003673592
0.000189352,0.003706902
0.000195592,0.003739944
0.000201968,0.003772708
0.000208481,0.003805188
0.000215132,0.003837378
0.000221924,0.003869269
0.000228856,0.003900855
0.000235932,0.00393213
0.000243151,0.003963087
0.000250515,0.003993721
0.000258026,0.004024026
0.000265684,0.004053996
0.000273492,0.004083624
0.00028145,0.004112908
0.000289559,0.00414184
0.00029782,0.004170416
0.000306236,0.004198633
0.000314807,0.004226484
0.000323533,0.004253967
0.000332417,0.004281077
0.000341459,0.00430781
0.000350661,0.004334163
0.000360023,0.004360133
0.000369546,0.004385715
0.000379232,0.004410909
0.000389082,0.00443571
0.000399095,0.004460116
0.000409275,0.004484125
0.00041962,0.004507735
0.000430132,0.004530944
0.000440813,0.00455375
0.000451661,0.004576152
0.00046268,0.004598148
0.000473868,0.004619737
0.000485228,0.004640919
0.000496759,0.004661693
0.000508462,0.004682058
0.000520338,0.004702014
0.000532387,0.00472156
0.00054461,0.004740697
0.000557008,0.004759425
0.00056958,0.004777745
0.000582327,0.004795656
0.00059525,0.004813159
0.000608349,0.004830256
0.000621623,0.004846946
0.000635074,0.004863233
0.000648701,0.004879116
0.000662505,0.004894597
0.000676486,0.004909678
0.000690643,0.00492436
0.000704977,0.004938646
0.000719487,0.004952537
0.000734173,0.004966035
0.000749036,0.004979143
0.000764075,0.004991863
0.00077929,0.005004198
0.000794679,0.00501615
0.000810244,0.005027722
0.000825983,0.005038916
0.000841896,0.005049736
0.000857983,0.005060184
0.000874242,0.005070264
0.000890673,0.005079978
0.000907275,0.005089331
0.000924048,0.005098325
0.00094099,0.005106964
0.0009581,0.005115251
0.000975379,0.00512319
0.000992823,0.005130784
0.001010433,0.005138037
0.001028207,0.005144954
0.001046143,0.005151537
0.001064241,0.00515779
0.001082499,0.005163718
0.001100915,0.005169324
0.001119489,0.005174613
0.001138217,0.005179588
0.001157099,0.005184254
0.001176133,0.005188614
0.001195317,0.005192674
0.001214649,0.005196436
0.001234127,0.005199905
0.001253749,0.005203085
0.001273513,0.005205981
0.001293416,0.005208597
0.001313457,0.005210937
0.001333633,0.005213005
0.001353942,0.005214806
0.001374381,0.005216345
0.001394947,0.005217624
0.001415639,0.005218649
0.001436452,0.005219424
0.001457386,0.005219953
0.001478436,0.00522024
0.0014996,0.005220291
0.001520875,0.005220108
0.001542258,0.005219697
0.001563746,0.005219062
0.001585336,0.005218207
0.001607024,0.005217136
0.001628807,0.005215853
0.001650682,0.005214363
0.001672645,0.00521267
0.001694693,0.005210778
0.001716823,0.005208692
0.001739031,0.005206414
0.001761313,0.005203951
0.001783666,0.005201305
0.001806085,0.00519848
0.001828568,0.005195482
0.00185111,0.005192313
0.001873707,0.005188978
0.001896356,0.005185481
0.001919052,0.005181825
0.001941791,0.005178015
0.00196457,0.005174054
0.001987385,0.005169947
0.00201023,0.005165697
0.002033103,0.005161307
0.002055998,0.005156782
0.002078912,0.005152126
0.002101841,0.005147341
0.002124779,0.005142432
0.002147723,0.005137402
0.002170669,0.005132254
0.002193612,0.005126993
0.002216548,0.005121622
0.002239472,0.005116143
0.00226238,0.005110561
0.002285267,0.005104879
0.00230813,0.0050991
0.002330964,0.005093227
0.002353765,0.005087264
0.002376527,0.005081214
0.002399247,0.00507508
0.00242192,0.005068865
0.002444543,0.005062572
0.002467109,0.005056204
0.002489616,0.005049765
0.002512059,0.005043256
0.002534434,0.005036682
0.002556736,0.005030044
0.00257896,0.005023346
0.002601104,0.005016591
0.002623162,0.00500978
0.00264513,0.005002917
0.002667005,0.004996005
0.002688782,0.004989046
0.002710457,0.004982043
0.002732026,0.004974997
0.002753485,0.004967913
0.002774831,0.004960791
0.002796058,0.004953635
0.002817165,0.004946446
0.002838145,0.004939227
0.002858997,0.004931981
0.002879717,0.004924709
0.0029003,0.004917414
0.002920743,0.004910098
0.002941043,0.004902763
0.002961196,0.00489541
0.002981199,0.004888043
0.003001049,0.004880663
0.003020743,0.004873271
0.003040277,0.00486587
0.003059648,0.004858461
0.003078854,0.004851047
0.003097891,0.004843629
0.003116757,0.004836209
0.003135449,0.004828788
0.003153964,0.004821369
0.003172299,0.004813952
0.003190453,0.004806539
0.003208423,0.004799132
0.003226206,0.004791733
0.0032438,0.004784342
0.003261204,0.004776961
0.003278414,0.004769592
0.003295429,0.004762235
0.003312248,0.004754892
0.003328867,0.004747565
0.003345287,0.004740254
0.003361504,0.004732961
0.003377517,0.004725686
0.003393325,0.004718432
0.003408927,0.004711198
0.003424321,0.004703986
0.003439506,0.004696797
0.00345448,0.004689632
0.003469244,0.004682491
0.003483795,0.004675377
0.003498134,0.004668288
0.003512258,0.004661227
0.003526169,0.004654194
0.003539864,0.00464719
0.003553343,0.004640215
0.003566607,0.00463327
0.003579654,0.004626356
0.003592484,0.004619473
0.003605097,0.004612623
0.003617494,0.004605804
0.003629673,0.004599019
0.003641635,0.004592267
0.00365338,0.004585549
0.003664908,0.004578865
0.003676219,0.004572215
0.003687315,0.004565601
0.003698194,0.004559022
0.003708858,0.004552478
0.003719307,0.00454597
0.003729541,0.004539499
0.003739562,0.004533063
0.003749369,0.004526664
0.003758964,0.004520302
0.003768348,0.004513976
0.003777521,0.004507687
0.003786484,0.004501435
0.003795239,0.004495219
0.003803786,0.004489041
0.003812127,0.004482899
0.003820262,0.004476795
0.003828192,0.004470727
0.00383592,0.004464696
0.003843446,0.004458701
0.003850772,0.004452743
0.003857898,0.004446821
0.003864827,0.004440935
0.00387156,0.004435085
0.003878098,0.004429271
0.003884443,0.004423493
0.003890596,0.00441775
0.003896559,0.004412042
0.003902334,0.004406368
0.003907922,0.004400729
0.003913325,0.004395124
0.003918545,0.004389553
0.003923583,0.004384015
0.003928441,0.00437851
0.003933121,0.004373037
0.003937625,0.004367597
0.003941955,0.004362189
0.003946111,0.004356812
0.003950098,0.004351466
0.003953915,0.004346151
0.003957566,0.004340865
0.003961051,0.004335609
0.003964374,0.004330382
0.003967535,0.004325184
0.003970538,0.004320013
0.003973383,0.00431487
0.003976073,0.004309754
0.00397861,0.004304665
0.003980995,0.004299601
0.003983232,0.004294563
0.003985322,0.00428955
0.003987266,0.00428456
0.003989067,0.004279595
0.003990728,0.004274652
0.003992249,0.004269732
0.003993633,0.004264834
0.003994883,0.004259957
0.003995999,0.0042551
0.003996985,0.004250264
0.003997842,0.004245448
0.003998572,0.00424065
0.003999178,0.004235871
0.003999661,0.004231109
0.004000023,0.004226364
0.004000267,0.004221636
0.004000394,0.004216924
0.004000407,0.004212228
0.004000307,0.004207545
0.004000096,0.004202877
0.003999777,0.004198223
0.003999352,0.004193581
0.003998822,0.004188952
0.00399819,0.004184335
0.003997457,0.004179728
0.003996625,0.004175133
0.003995697,0.004170547
0.003994674,0.00416597
0.003993559,0.004161403
0.003992353,0.004156844
0.003991057,0.004152293
0.003989675,0.004147748
0.003988208,0.004143211
0.003986658,0.00413868
0.003985026,0.004134154
0.003983315,0.004129633
0.003981526,0.004125117
0.003979661,0.004120605
0.003977723,0.004116097
0.003975712,0.004111592
0.003973631,0.004107089
0.003971481,0.004102588
0.003969265,0.00409809
0.003966983,0.004093592
0.003964638,0.004089095
0.003962231,0.004084599
0.003959765,0.004080102
0.00395724,0.004075605
0.003954659,0.004071107
0.003952022,0.004066608
0.003949332,0.004062108
0.003946591,0.004057605
0.003943799,0.0040531
0.003940959,0.004048592
0.003938072,0.004044081
0.003935139,0.004039567
0.003932162,0.004035049
0.003929143,0.004030526
0.003926083,0.004026
0.003922983,0.004021469
0.003919846,0.004016933
0.003916671,0.004012392
0.003913462,0.004007846
0.003910218,0.004003294
0.003906942,0.003998736
0.003903635,0.003994172
0.003900297,0.003989602
0.003896932,0.003985026
0.003893538,0.003980442
0.003890119,0.003975852
0.003886675,0.003971255
0.003883207,0.003966651
0.003879717,0.003962039
0.003876206,0.003957421
0.003872674,0.003952794
0.003869123,0.00394816
0.003865554,0.003943519
0.003861968,0.003938869
0.003858367,0.003934212
0.00385475,0.003929546
0.00385112,0.003924873
0.003847477,0.003920192
0.003843821,0.003915502
0.003840155,0.003910805
0.003836479,0.003906099
0.003832793,0.003901386
0.003829099,0.003896664
0.003825397,0.003891934
0.003821689,0.003887196
0.003817974,0.00388245
0.003814255,0.003877696
0.00381053,0.003872934
0.003806802,0.003868164
0.003803071,0.003863387
0.003799337,0.003858601
0.003795601,0.003853809
0.003791865,0.003849008
0.003788127,0.0038442
0.003784389,0.003839385
0.003780652,0.003834562
0.003776916,0.003829733
0.003773181,0.003824896
0.003769448,0.003820053
0.003765717,0.003815203
0.003761989,0.003810347
0.003758264,0.003805484
0.003754543,0.003800615
0.003750826,0.00379574
0.003747112,0.003790859
0.003743404,0.003785972
0.0037397,0.00378108
0.003736001,0.003776182
0.003732307,0.00377128
0.003728618,0.003766373
0.003724936,0.003761461
0.003721259,0.003756544
0.003717588,0.003751623
0.003713923,0.003746698
0.003710265,0.00374177
0.003706613,0.003736838
0.003702967,0.003731902
0.003699328,0.003726964
0.003695695,0.003722022
0.003692068,0.003717078
0.003688448,0.003712132
0.003684835,0.003707183
0.003681228,0.003702233
0.003677627,0.003697281
0.003674033,0.003692327
0.003670445,0.003687373
0.003666863,0.003682417
0.003663287,0.003677461
0.003659716,0.003672505
0.003656152,0.003667548
0.003652593,0.003662592
0.00364904,0.003657636
0.003645491,0.003652681
0.003641948,0.003647727
0.003638409,0.003642775
0.003634875,0.003637823
0.003631345,0.003632874
0.003627819,0.003627927
0.003624297,0.003622982
0.003620779,0.003618039
0.003617264,0.0036131
0.003613752,0.003608163
0.003610242,0.00360323
0.003606735,0.003598301
0.00360323,0.003593375
0.003599726,0.003588454
0.003596225,0.003583537
0.003592724,0.003578625
0.003589224,0.003573718
0.003585724,0.003568816
0.003582224,0.003563919
0.003578724,0.003559028
0.003575224,0.003554143
0.003571723,0.003549264
0.00356822,0.003544392
0.003564715,0.003539527
0.003561209,0.003534668
0.0035577,0.003529816
0.003554188,0.003524972
0.003550673,0.003520136
0.003547155,0.003515307
0.003543633,0.003510486
0.003540107,0.003505674
0.003536576,0.00350087
0.00353304,0.003496075
0.003529499,0.003491289
0.003525952,0.003486511
0.003522399,0.003481744
0.00351884,0.003476985
0.003515274,0.003472237
0.003511702,0.003467498
0.003508122,0.003462769
0.003504534,0.003458051
0.003500938,0.003453343
0.003497334,0.003448645
0.003493721,0.003443959
0.0034901,0.003439283
0.003486469,0.003434619
0.003482829,0.003429965
0.003479179,0.003425323
0.003475519,0.003420693
0.003471848,0.003416074
0.003468167,0.003411467
0.003464475,0.003406873
0.003460773,0.00340229
0.003457058,0.003397719
0.003453332,0.003393161
0.003449595,0.003388615
0.003445845,0.003384081
0.003442083,0.003379561
0.003438309,0.003375052
0.003434523,0.003370557
0.003430723,0.003366075
0.003426911,0.003361606
0.003423085,0.003357149
0.003419247,0.003352706
0.003415395,0.003348276
0.00341153,0.003343859
0.003407651,0.003339456
0.003403758,0.003335066
0.003399852,0.003330689
0.003395932,0.003326326
0.003391998,0.003321977
0.00338805,0.00331764
0.003384088,0.003313318
0.003380112,0.003309009
0.003376121,0.003304713
0.003372117,0.003300432
0.003368099,0.003296164
0.003364066,0.003291909
0.00336002,0.003287668
0.003355959,0.003283441
0.003351884,0.003279227
0.003347795,0.003275027
0.003343692,0.003270841
0.003339576,0.003266668
0.003335445,0.003262508
0.003331301,0.003258363
0.003327143,0.00325423
0.003322971,0.003250111
0.003318786,0.003246006
0.003314587,0.003241913
0.003310376,0.003237834
0.003306151,0.003233769
0.003301913,0.003229716
0.003297662,0.003225677
0.003293399,0.00322165
0.003289123,0.003217637
0.003284835,0.003213637
0.003280535,0.003209649
0.003276223,0.003205674
0.003271899,0.003201712
0.003267564,0.003197763
0.003263217,0.003193825
0.003258859,0.003189901
0.00325449,0.003185989
0.003250111,0.003182088
0.003245721,0.0031782
0.003241321,0.003174325
0.003236911,0.003170461
0.003232492,0.003166608
0.003228063,0.003162768
0.003223625,0.003158939
0.003219178,0.003155122
0.003214722,0.003151316
0.003210258,0.003147521
0.003205786,0.003143738
0.003201307,0.003139965
0.00319682,0.003136203
0.003192326,0.003132453
0.003187825,0.003128712
0.003183317,0.003124983
0.003178803,0.003121263
0.003174283,0.003117555
0.003169758,0.003113856
0.003165228,0.003110167
0.003160692,0.003106488
0.003156152,0.003102819
0.003151607,0.00309916
0.003147059,0.00309551
0.003142507,0.003091869
0.003137951,0.003088238
0.003133393,0.003084615
0.003128832,0.003081002
0.003124268,0.003077398
0.003119703,0.003073802
0.003115135,0.003070215
0.003110567,0.003066636
0.003105997,0.003063066
0.003101427,0.003059504
0.003096856,0.003055949
0.003092285,0.003052403
0.003087715,0.003048865
0.003083145,0.003045334
0.003078576,0.003041811
0.003074009,0.003038295
0.003069443,0.003034786
0.003064879,0.003031285
0.003060317,0.003027791
0.003055758,0.003024303
0.003051201,0.003020823
0.003046648,0.003017349
0.003042098,0.003013881
0.003037552,0.00301042
0.00303301,0.003006965
0.003028473,0.003003517
0.00302394,0.003000074
0.003019412,0.002996638
0.00301489,0.002993207
0.003010373,0.002989782
0.003005862,0.002986363
0.003001357,0.002982949
0.002996859,0.002979541
0.002992367,0.002976138
0.002987883,0.00297274
0.002983405,0.002969348
0.002978935,0.00296596
0.002974473,0.002962577
0.002970019,0.0029592
0.002965573,0.002955826
0.002961135,0.002952458
0.002956706,0.002949094
0.002952287,0.002945735
0.002947876,0.00294238
0.002943475,0.00293903
0.002939083,0.002935683
0.002934701,0.002932341
0.002930329,0.002929003
0.002925968,0.00292567
0.002921617,0.00292234
0.002917276,0.002919014
0.002912947,0.002915692
0.002908628,0.002912373
0.00290432,0.002909059
0.002900024,0.002905748
0.002895739,0.002902441
0.002891466,0.002899137
0.002887205,0.002895837
0.002882955,0.00289254
0.002878718,0.002889247
0.002874493,0.002885957
0.00287028,0.002882671
0.002866079,0.002879388
0.002861891,0.002876108
0.002857716,0.002872831
0.002853553,0.002869558
0.002849404,0.002866288
0.002845267,0.002863021
0.002841143,0.002859757
0.002837032,0.002856497
0.002832935,0.002853239
0.002828851,0.002849985
0.00282478,0.002846734
0.002820722,0.002843485
0.002816678,0.00284024
0.002812647,0.002836998
0.00280863,0.002833759
0.002804626,0.002830523
0.002800635,0.00282729
0.002796659,0.00282406
0.002792695,0.002820833
0.002788746,0.00281761
0.00278481,0.002814389
0.002780887,0.002811171
0.002776978,0.002807957
0.002773083,0.002804745
0.002769201,0.002801537
0.002765333,0.002798332
0.002761478,0.00279513
0.002757636,0.002791931
0.002753808,0.002788735
0.002749994,0.002785542
0.002746193,0.002782353
0.002742405,0.002779167
0.00273863,0.002775984
0.002734868,0.002772805
0.00273112,0.002769628
0.002727384,0.002766456
0.002723662,0.002763286
0.002719952,0.00276012
0.002716255,0.002756958
0.002712571,0.002753799
0.0027089,0.002750643
0.002705241,0.002747491
0.002701595,0.002744343
0.002697961,0.002741198
0.002694339,0.002738057
0.00269073,0.00273492
0.002687132,0.002731786
0.002683547,0.002728657
0.002679973,0.002725531
0.002676411,0.002722409
0.002672861,0.002719291
0.002669322,0.002716177
0.002665795,0.002713067
0.002662278,0.002709961
0.002658773,0.002706859
0.002655279,0.002703762
0.002651796,0.002700668
0.002648324,0.002697579
0.002644863,0.002694495
0.002641411,0.002691414
0.002637971,0.002688338
0.00263454,0.002685267
0.00263112,0.0026822
0.00262771,0.002679138
0.002624309,0.00267608
0.002620918,0.002673027
0.002617537,0.002669978
0.002614165,0.002666935
0.002610803,0.002663896
0.00260745,0.002660862
0.002604105,0.002657833
0.00260077,0.002654809
0.002597443,0.00265179
0.002594125,0.002648776
0.002590816,0.002645767
0.002587515,0.002642763
0.002584222,0.002639765
0.002580937,0.002636772
0.002577661,0.002633784
0.002574392,0.002630801
0.002571131,0.002627824
0.002567877,0.002624852
0.002564631,0.002621886
0.002561392,0.002618925
0.00255816,0.00261597
0.002554936,0.00261302
0.002551718,0.002610076
0.002548507,0.002607138
0.002545303,0.002604206
0.002542106,0.002601279
0.002538915,0.002598358
0.00253573,0.002595443
0.002532552,0.002592534
0.002529379,0.002589631
0.002526213,0.002586733
0.002523053,0.002583842
0.002519899,0.002580957
0.00251675,0.002578078
0.002513607,0.002575204
0.002510469,0.002572337
0.002507337,0.002569477
0.00250421,0.002566622
0.002501089,0.002563773
0.002497973,0.002560931
0.002494861,0.002558095
0.002491755,0.002555265
0.002488654,0.002552442
0.002485557,0.002549625
0.002482466,0.002546814
0.002479379,0.00254401
0.002476296,0.002541212
0.002473218,0.00253842
0.002470145,0.002535635
0.002467076,0.002532856
0.002464012,0.002530084
0.002460951,0.002527318
0.002457895,0.002524558
0.002454844,0.002521805
0.002451796,0.002519059
0.002448753,0.002516319
0.002445713,0.002513585
0.002442678,0.002510859
0.002439646,0.002508138
0.002436619,0.002505424
0.002433595,0.002502717
0.002430576,0.002500016
0.00242756,0.002497321
0.002424548,0.002494633
0.00242154,0.002491952
0.002418536,0.002489277
0.002415535,0.002486609
0.002412538,0.002483947
0.002409545,0.002481291
0.002406556,0.002478642
0.00240357,0.002476
0.002400588,0.002473364
0.00239761,0.002470734
0.002394635,0.002468111
0.002391664,0.002465494
0.002388697,0.002462884
0.002385734,0.00246028
0.002382774,0.002457682
0.002379818,0.002455091
0.002376866,0.002452506
0.002373917,0.002449927
0.002370972,0.002447354
0.002368031,0.002444788
0.002365094,0.002442228
0.002362161,0.002439675
0.002359231,0.002437127
0.002356305,0.002434586
0.002353383,0.00243205
0.002350465,0.002429521
0.002347551,0.002426998
0.002344641,0.002424481
0.002341735,0.00242197
0.002338833,0.002419465
0.002335935,0.002416966
0.002333041,0.002414473
0.002330151,0.002411986
0.002327265,0.002409504
0.002324383,0.002407028
0.002321506,0.002404559
0.002318633,0.002402095
0.002315764,0.002399636
0.0023129,0.002397184
0.00231004,0.002394736
0.002307184,0.002392295
0.002304333,0.002389859
0.002301486,0.002387429
0.002298644,0.002385004
0.002295806,0.002382584
0.002292974,0.00238017
0.002290145,0.002377762
0.002287322,0.002375358
0.002284503,0.00237296
0.00228169,0.002370567
0.002278881,0.00236818
0.002276077,0.002365797
0.002273278,0.00236342
0.002270484,0.002361048
0.002267695,0.00235868
0.002264911,0.002356318
0.002262133,0.002353961
0.00225936,0.002351608
0.002256592,0.002349261
0.002253829,0.002346918
0.002251072,0.00234458
0.00224832,0.002342247
0.002245573,0.002339918
0.002242832,0.002337595
0.002240097,0.002335275
0.002237367,0.002332961
0.002234643,0.00233065
0.002231925,0.002328345
0.002229212,0.002326044
0.002226505,0.002323747
0.002223804,0.002321454
0.002221109,0.002319166
0.00221842,0.002316882
0.002215737,0.002314602
0.00221306,0.002312327
0.002210389,0.002310056
0.002207724,0.002307788
0.002205065,0.002305525
0.002202412,0.002303266
0.002199766,0.002301011
0.002197125,0.00229876
0.002194491,0.002296513
0.002191864,0.002294269
0.002189243,0.00229203
0.002186628,0.002289794
0.002184019,0.002287562
0.002181417,0.002285334
0.002178822,0.00228311
0.002176233,0.002280889
0.00217365,0.002278672
0.002171074,0.002276458
0.002168505,0.002274248
0.002165942,0.002272042
0.002163386,0.002269839
0.002160837,0.00226764
0.002158294,0.002265444
0.002155758,0.002263251
0.002153229,0.002261062
0.002150707,0.002258876
0.002148191,0.002256694
0.002145682,0.002254514
0.00214318,0.002252338
0.002140685,0.002250166
0.002138196,0.002247996
0.002135715,0.00224583
0.00213324,0.002243667
0.002130772,0.002241507
0.002128311,0.00223935
0.002125857,0.002237196
0.002123409,0.002235046
0.002120969,0.002232898
0.002118535,0.002230754
0.002116109,0.002228612
0.002113689,0.002226474
0.002111276,0.002224338
0.00210887,0.002222206
0.002106471,0.002220076
0.002104078,0.002217949
0.002101693,0.002215826
0.002099314,0.002213705
0.002096942,0.002211587
0.002094577,0.002209472
0.002092219,0.00220736
0.002089868,0.00220525
0.002087523,0.002203144
0.002085186,0.00220104
0.002082855,0.002198939
0.00208053,0.002196841
0.002078213,0.002194746
0.002075902,0.002192653
0.002073598,0.002190564
0.0020713,0.002188477
0.00206901,0.002186393
0.002066725,0.002184311
0.002064448,0.002182233
0.002062177,0.002180157
0.002059912,0.002178084
0.002057654,0.002176013
0.002055403,0.002173946
0.002053158,0.002171881
0.002050919,0.002169819
0.002048687,0.002167759
0.002046461,0.002165703
0.002044242,0.002163649
0.002042029,0.002161598
0.002039822,0.002159549
0.002037621,0.002157504
0.002035427,0.002155461
0.002033239,0.00215342
0.002031057,0.002151383
0.002028881,0.002149348
0.002026711,0.002147316
0.002024547,0.002145287
0.002022389,0.002143261
0.002020237,0.002141237
0.002018091,0.002139216
0.002015951,0.002137198
0.002013817,0.002135182
0.002011688,0.00213317
0.002009565,0.00213116
0.002007448,0.002129153
0.002005337,0.002127149
0.002003231,0.002125147
0.002001131,0.002123149
0.001999036,0.002121153
0.001996947,0.00211916
0.001994863,0.00211717
0.001992785,0.002115183
0.001990712,0.002113199
0.001988644,0.002111217
0.001986582,0.002109239
0.001984525,0.002107263
0.001982473,0.00210529
0.001980426,0.002103321
0.001978384,0.002101354
0.001976347,0.00209939
0.001974316,0.002097429
0.001972289,0.002095471
0.001970267,0.002093515
0.00196825,0.002091563
0.001966238,0.002089614
0.001964231,0.002087668
0.001962229,0.002085725
0.001960231,0.002083785
0.001958238,0.002081848
0.001956249,0.002079914
0.001954265,0.002077982
0.001952286,0.002076055
0.001950311,0.00207413
0.001948341,0.002072208
0.001946375,0.002070289
0.001944413,0.002068373
0.001942456,0.002066461
0.001940503,0.002064552
0.001938554,0.002062645
0.001936609,0.002060742
0.001934669,0.002058842
0.001932733,0.002056945
0.001930801,0.002055052
0.001928873,0.002053161
0.001926949,0.002051274
0.001925028,0.00204939
0.001923112,0.002047509
0.0019212,0.002045632
0.001919292,0.002043757
0.001917387,0.002041886
0.001915487,0.002040018
0.00191359,0.002038154
0.001911697,0.002036292
0.001909807,0.002034434
0.001907922,0.002032579
0.001906039,0.002030728
0.001904161,0.002028879
0.001902286,0.002027034
0.001900415,0.002025193
0.001898547,0.002023354
0.001896683,0.002021519
0.001894822,0.002019688
0.001892964,0.002017859
0.00189111,0.002016034
0.00188926,0.002014212
0.001887413,0.002012394
0.001885569,0.002010579
0.001883728,0.002008767
0.001881891,0.002006959
0.001880057,0.002005154
0.001878226,0.002003352
0.001876399,0.002001554
0.001874575,0.001999759
0.001872754,0.001997968
0.001870936,0.00199618
0.001869121,0.001994395
0.001867309,0.001992613
0.001865501,0.001990835
0.001863696,0.001989061
0.001861893,0.001987289
0.001860094,0.001985521
0.001858298,0.001983757
0.001856505,0.001981996
0.001854715,0.001980238
0.001852927,0.001978483
0.001851143,0.001976732
0.001849362,0.001974984
0.001847584,0.00197324
0.001845809,0.001971499
0.001844036,0.001969761
0.001842267,0.001968027
0.001840501,0.001966296
0.001838737,0.001964568
0.001836977,0.001962844
0.001835219,0.001961123
0.001833464,0.001959405
0.001831712,0.00195769
0.001829963,0.001955979
0.001828217,0.001954272
0.001826474,0.001952567
0.001824734,0.001950866
0.001822996,0.001949168
0.001821262,0.001947473
0.00181953,0.001945782
0.001817801,0.001944093
0.001816075,0.001942408
0.001814351,0.001940727
0.001812631,0.001939048
0.001810913,0.001937373
0.001809199,0.001935701
0.001807487,0.001934032
0.001805778,0.001932366
0.001804072,0.001930704
0.001802368,0.001929044
0.001800668,0.001927388
0.00179897,0.001925735
0.001797275,0.001924085
0.001795583,0.001922438
0.001793894,0.001920794
0.001792208,0.001919153
0.001790524,0.001917516
0.001788843,0.001915881
0.001787166,0.00191425
0.001785491,0.001912621
0.001783819,0.001910996
0.001782149,0.001909373
0.001780483,0.001907754
0.001778819,0.001906137
0.001777159,0.001904524
0.001775501,0.001902913
0.001773846,0.001901306
0.001772194,0.001899701
0.001770545,0.001898099
0.001768899,0.0018965
0.001767256,0.001894904
0.001765615,0.001893311
0.001763978,0.001891721
0.001762343,0.001890133
0.001760711,0.001888549
0.001759082,0.001886967
0.001757456,0.001885388
0.001755834,0.001883811
0.001754214,0.001882238
0.001752596,0.001880667
0.001750982,0.001879099
0.001749371,0.001877533
0.001747763,0.00187597
0.001746157,0.00187441
0.001744555,0.001872853
0.001742956,0.001871298
0.001741359,0.001869746
0.001739766,0.001868197
0.001738175,0.00186665
0.001736588,0.001865105
0.001735003,0.001863563
0.001733422,0.001862024
0.001731843,0.001860487
0.001730268,0.001858953
0.001728695,0.001857422
0.001727126,0.001855892
0.001725559,0.001854366
0.001723995,0.001852841
0.001722435,0.001851319
0.001720877,0.0018498
0.001719323,0.001848283
0.001717771,0.001846768
0.001716223,0.001845256
0.001714678,0.001843746
0.001713135,0.001842239
0.001711596,0.001840733
0.001710059,0.001839231
0.001708526,0.00183773
0.001706996,0.001836232
0.001705469,0.001834736
0.001703944,0.001833242
0.001702423,0.00183175
0.001700905,0.001830261
0.00169939,0.001828774
0.001697878,0.001827289
0.001696369,0.001825807
0.001694863,0.001824326
0.00169336,0.001822848
0.00169186,0.001821372
0.001690363,0.001819898
0.001688869,0.001818426
0.001687379,0.001816956
0.001685891,0.001815488
0.001684406,0.001814023
0.001682924,0.001812559
0.001681446,0.001811098
0.00167997,0.001809639
0.001678497,0.001808182
0.001677028,0.001806726
0.001675561,0.001805273
0.001674097,0.001803822
0.001672637,0.001802373
0.001671179,0.001800926
0.001669724,0.001799481
0.001668273,0.001798038
0.001666824,0.001796596
0.001665378,0.001795157
0.001663936,0.00179372
0.001662496,0.001792285
0.001661059,0.001790851
0.001659625,0.00178942
0.001658194,0.00178799
0.001656766,0.001786563
0.001655341,0.001785137
0.001653919,0.001783713
0.0016525,0.001782292
0.001651084,0.001780872
0.00164967,0.001779454
0.00164826,0.001778037
0.001646852,0.001776623
0.001645448,0.001775211
0.001644046,0.0017738
0.001642647,0.001772391
0.001641251,0.001770984
0.001639857,0.001769579
0.001638467,0.001768176
0.001637079,0.001766775
0.001635695,0.001765375
0.001634313,0.001763977
0.001632933,0.001762582
0.001631557,0.001761188
0.001630183,0.001759795
0.001628812,0.001758405
0.001627444,0.001757016
0.001626079,0.001755629
0.001624716,0.001754245
0.001623356,0.001752861
0.001621999,0.00175148
0.001620644,0.0017501
0.001619293,0.001748723
0.001617943,0.001747347
0.001616597,0.001745972
0.001615253,0.0017446
0.001613912,0.001743229
0.001612573,0.001741861
0.001611237,0.001740493
0.001609904,0.001739128
0.001608573,0.001737765
0.001607245,0.001736403
0.001605919,0.001735043
0.001604596,0.001733685
0.001603275,0.001732329
0.001601957,0.001730974
0.001600641,0.001729622
0.001599328,0.001728271
0.001598018,0.001726921
0.00159671,0.001725574
0.001595404,0.001724228
0.001594101,0.001722885
0.0015928,0.001721543
0.001591502,0.001720202
0.001590206,0.001718864
0.001588912,0.001717527
0.001587621,0.001716193
0.001586332,0.00171486
0.001585045,0.001713528
0.001583761,0.001712199
0.001582479,0.001710871
0.0015812,0.001709545
0.001579923,0.001708221
0.001578648,0.001706899
0.001577375,0.001705579
0.001576105,0.00170426
0.001574837,0.001702943
0.001573571,0.001701628
0.001572307,0.001700315
0.001571046,0.001699004
0.001569786,0.001697694
0.001568529,0.001696387
0.001567274,0.001695081
0.001566021,0.001693777
0.001564771,0.001692475
0.001563522,0.001691174
0.001562276,0.001689876
0.001561032,0.001688579
0.001559789,0.001687284
0.001558549,0.001685991
0.001557311,0.0016847
0.001556075,0.00168341
0.001554841,0.001682123
0.00155361,0.001680837
0.00155238,0.001679553
0.001551152,0.001678271
0.001549926,0.001676991
0.001548702,0.001675713
0.00154748,0.001674436
0.00154626,0.001673162
0.001545042,0.001671889
0.001543826,0.001670618
0.001542612,0.001669349
0.0015414,0.001668082
0.00154019,0.001666817
0.001538982,0.001665553
0.001537775,0.001664292
0.001536571,0.001663032
0.001535368,0.001661775
0.001534167,0.001660519
0.001532969,0.001659265
0.001531771,0.001658012
0.001530576,0.001656762
0.001529383,0.001655514
0.001528191,0.001654267
0.001527001,0.001653023
0.001525813,0.00165178
0.001524627,0.001650539
0.001523443,0.0016493
0.00152226,0.001648063
0.001521079,0.001646828
0.0015199,0.001645594
0.001518723,0.001644363
0.001517547,0.001643133
0.001516374,0.001641905
0.001515202,0.001640679
0.001514031,0.001639456
0.001512863,0.001638233
0.001511696,0.001637013
0.00151053,0.001635795
0.001509367,0.001634578
0.001508205,0.001633364
0.001507045,0.001632151
0.001505886,0.00163094
0.001504729,0.001629731
0.001503574,0.001628524
0.001502421,0.001627319
0.001501269,0.001626116
0.001500119,0.001624914
0.00149897,0.001623715
0.001497823,0.001622517
0.001496678,0.001621321
0.001495535,0.001620127
0.001494393,0.001618935
0.001493252,0.001617744
0.001492114,0.001616556
0.001490976,0.001615369
0.001489841,0.001614185
0.001488707,0.001613002
0.001487575,0.001611821
0.001486444,0.001610641
0.001485315,0.001609464
0.001484187,0.001608288
0.001483061,0.001607115
0.001481937,0.001605943
0.001480814,0.001604773
0.001479693,0.001603604
0.001478573,0.001602438
0.001477455,0.001601273
0.001476339,0.00160011
0.001475224,0.001598949
0.001474111,0.00159779
0.001472999,0.001596632
0.001471889,0.001595477
0.00147078,0.001594323
0.001469673,0.001593171
0.001468567,0.00159202
0.001467463,0.001590872
0.001466361,0.001589725
0.00146526,0.00158858
0.001464161,0.001587437
0.001463063,0.001586295
0.001461967,0.001585155
0.001460872,0.001584017
0.001459779,0.001582881
0.001458687,0.001581746
0.001457597,0.001580613
0.001456508,0.001579482
0.001455421,0.001578353
0.001454336,0.001577225
0.001453252,0.001576099
0.001452169,0.001574974
0.001451088,0.001573852
0.001450009,0.001572731
0.001448931,0.001571611
0.001447855,0.001570494
0.00144678,0.001569378
0.001445707,0.001568263
0.001444635,0.001567151
0.001443565,0.00156604
0.001442496,0.00156493
0.001441429,0.001563822
0.001440363,0.001562716
0.001439299,0.001561612
0.001438237,0.001560509
0.001437176,0.001559408
0.001436116,0.001558308
0.001435058,0.00155721
0.001434002,0.001556113
0.001432947,0.001555018
0.001431893,0.001553925
0.001430841,0.001552833
0.001429791,0.001551743
0.001428742,0.001550654
0.001427694,0.001549567
0.001426649,0.001548481
0.001425604,0.001547397
0.001424561,0.001546315
0.00142352,0.001545234
0.00142248,0.001544154
0.001421442,0.001543076
0.001420405,0.001542
0.00141937,0.001540925
0.001418336,0.001539851
0.001417304,0.001538779
0.001416273,0.001537709
0.001415244,0.00153664
0.001414216,0.001535572
0.00141319,0.001534506
0.001412166,0.001533441
0.001411142,0.001532378
0.001410121,0.001531316
0.001409101,0.001530256
0.001408082,0.001529197
0.001407065,0.001528139
0.001406049,0.001527083
0.001405035,0.001526028
0.001404022,0.001524975
0.001403011,0.001523923
0.001402002,0.001522872
0.001400994,0.001521823
0.001399987,0.001520775
0.001398982,0.001519729
0.001397978,0.001518684
0.001396976,0.00151764
0.001395976,0.001516598
0.001394976,0.001515557
0.001393979,0.001514517
0.001392983,0.001513479
0.001391988,0.001512442
0.001390995,0.001511406
0.001390003,0.001510372
0.001389013,0.001509339
0.001388024,0.001508307
0.001387037,0.001507276
0.001386051,0.001506247
0.001385067,0.00150522
0.001384084,0.001504193
0.001383103,0.001503168
0.001382123,0.001502144
0.001381144,0.001501121
0.001380168,0.0015001
0.001379192,0.00149908
0.001378218,0.001498061
0.001377246,0.001497043
0.001376274,0.001496027
0.001375305,0.001495012
0.001374337,0.001493998
0.00137337,0.001492985
0.001372405,0.001491974
0.001371441,0.001490964
0.001370478,0.001489955
0.001369518,0.001488947
0.001368558,0.00148794
0.0013676,0.001486935
0.001366643,0.001485931
0.001365688,0.001484928
0.001364734,0.001483927
0.001363782,0.001482926
0.001362831,0.001481927
0.001361881,0.001480929
0.001360933,0.001479932
0.001359987,0.001478937
0.001359041,0.001477942
0.001358097,0.001476949
0.001357155,0.001475957
0.001356214,0.001474966
0.001355274,0.001473977
0.001354336,0.001472988
0.001353399,0.001472001
0.001352463,0.001471015
0.001351529,0.00147003
0.001350597,0.001469046
0.001349665,0.001468063
0.001348735,0.001467082
0.001347806,0.001466102
0.001346879,0.001465123
0.001345953,0.001464145
0.001345029,0.001463168
0.001344105,0.001462192
0.001343183,0.001461218
0.001342263,0.001460244
0.001341344,0.001459272
0.001340426,0.001458301
0.001339509,0.001457331
0.001338594,0.001456363
0.00133768,0.001455395
0.001336767,0.001454429
0.001335856,0.001453463
0.001334946,0.001452499
0.001334037,0.001451536
0.00133313,0.001450575
0.001332224,0.001449614
0.001331319,0.001448654
0.001330416,0.001447696
0.001329514,0.001446739
0.001328613,0.001445783
0.001327713,0.001444828
0.001326815,0.001443874
0.001325918,0.001442921
0.001325022,0.001441969
0.001324127,0.001441019
0.001323234,0.00144007
0.001322342,0.001439122
0.001321451,0.001438175
0.001320561,0.001437229
0.001319673,0.001436284
0.001318786,0.00143534
0.0013179,0.001434398
0.001317015,0.001433457
0.001316132,0.001432516
0.00131525,0.001431577
0.001314369,0.00143064
0.001313489,0.001429703
0.00131261,0.001428767
0.001311733,0.001427833
0.001310857,0.001426899
0.001309982,0.001425967
0.001309108,0.001425036
0.001308235,0.001424106
0.001307364,0.001423177
0.001306494,0.001422249
0.001305624,0.001421323
0.001304757,0.001420397
0.00130389,0.001419473
0.001303024,0.00141855
0.00130216,0.001417628
0.001301296,0.001416707
0.001300434,0.001415787
0.001299573,0.001414869
0.001298713,0.001413951
0.001297854,0.001413035
0.001296997,0.00141212
0.00129614,0.001411206
0.001295285,0.001410293
0.001294431,0.001409381
0.001293578,0.001408471
0.001292725,0.001407561
0.001291875,0.001406653
0.001291025,0.001405746
0.001290176,0.001404839
0.001289328,0.001403934
0.001288482,0.001403031
0.001287636,0.001402128
0.001286792,0.001401226
0.001285949,0.001400326
0.001285106,0.001399427
0.001284265,0.001398529
0.001283425,0.001397632
0.001282586,0.001396736
0.001281748,0.001395841
0.001280911,0.001394948
0.001280076,0.001394055
0.001279241,0.001393164
0.001278407,0.001392274
0.001277575,0.001391385
0.001276743,0.001390497
0.001275912,0.00138961
0.001275083,0.001388724
0.001274254,0.00138784
0.001273427,0.001386957
0.0012726,0.001386074
0.001271775,0.001385193
0.001270951,0.001384313
0.001270127,0.001383434
0.001269305,0.001382557
0.001268484,0.00138168
0.001267663,0.001380805
0.001266844,0.00137993
0.001266026,0.001379057
0.001265208,0.001378185
0.001264392,0.001377314
0.001263577,0.001376444
0.001262762,0.001375576
0.001261949,0.001374708
0.001261137,0.001373841
0.001260325,0.001372976
0.001259515,0.001372112
0.001258706,0.001371249
0.001257897,0.001370387
0.00125709,0.001369526
0.001256284,0.001368666
0.001255478,0.001367807
0.001254674,0.00136695
0.00125387,0.001366093
0.001253068,0.001365238
0.001252266,0.001364384
0.001251465,0.001363531
0.001250666,0.001362679
0.001249867,0.001361828
0.00124907,0.001360978
0.001248273,0.001360129
0.001247477,0.001359282
0.001246682,0.001358435
0.001245888,0.00135759
0.001245095,0.001356745
0.001244303,0.001355902
0.001243512,0.00135506
0.001242722,0.001354219
0.001241933,0.001353379
0.001241145,0.00135254
0.001240358,0.001351702
0.001239571,0.001350865
0.001238786,0.001350029
0.001238002,0.001349195
0.001237218,0.001348361
0.001236436,0.001347528
0.001235654,0.001346697
0.001234873,0.001345867
0.001234093,0.001345037
0.001233315,0.001344209
0.001232537,0.001343382
0.00123176,0.001342555
0.001230984,0.00134173
0.001230209,0.001340906
0.001229434,0.001340083
0.001228661,0.001339261
0.001227889,0.00133844
0.001227117,0.00133762
0.001226347,0.001336801
0.001225577,0.001335983
0.001224809,0.001335167
0.001224041,0.001334351
0.001223274,0.001333536
0.001222508,0.001332722
0.001221743,0.001331909
0.001220979,0.001331098
0.001220216,0.001330287
0.001219453,0.001329477
0.001218692,0.001328668
0.001217932,0.001327861
0.001217172,0.001327054
0.001216413,0.001326248
0.001215656,0.001325443
0.001214899,0.00132464
0.001214143,0.001323837
0.001213388,0.001323035
0.001212634,0.001322234
0.001211881,0.001321434
0.001211128,0.001320635
0.001210377,0.001319837
0.001209626,0.001319041
0.001208877,0.001318245
0.001208128,0.00131745
0.00120738,0.001316656
0.001206633,0.001315862
0.001205887,0.00131507
0.001205142,0.001314279
0.001204398,0.001313489
0.001203654,0.0013127
0.001202912,0.001311911
0.00120217,0.001311124
0.00120143,0.001310337
0.00120069,0.001309552
0.001199951,0.001308767
0.001199213,0.001307983
0.001198476,0.001307201
0.00119774,0.001306419
0.001197005,0.001305638
0.00119627,0.001304858
0.001195537,0.001304079
0.001194804,0.001303301
0.001194072,0.001302523
0.001193341,0.001301747
0.001192611,0.001300971
0.001191882,0.001300197
0.001191154,0.001299423
0.001190426,0.00129865
0.0011897,0.001297878
0.001188974,0.001297107
0.00118825,0.001296337
0.001187526,0.001295568
0.001186803,0.001294799
0.001186081,0.001294032
0.001185359,0.001293265
0.001184639,0.0012925
0.00118392,0.001291735
0.001183201,0.001290971
0.001182483,0.001290207
0.001181766,0.001289445
0.00118105,0.001288684
0.001180335,0.001287923
0.001179621,0.001287163
0.001178908,0.001286404
0.001178195,0.001285646
0.001177483,0.001284889
0.001176773,0.001284133
0.001176063,0.001283377
0.001175353,0.001282622
0.001174645,0.001281868
0.001173938,0.001281115
0.001173231,0.001280363
0.001172526,0.001279612
0.001171821,0.001278861
0.001171117,0.001278111
0.001170414,0.001277363
0.001169712,0.001276614
0.00116901,0.001275867
0.00116831,0.001275121
0.00116761,0.001274375
0.001166911,0.00127363
0.001166213,0.001272886
0.001165516,0.001272143
0.00116482,0.001271401
0.001164124,0.001270659
0.00116343,0.001269918
0.001162736,0.001269178
0.001162043,0.001268439
0.001161351,0.001267701
0.00116066,0.001266963
0.001159969,0.001266226
0.00115928,0.00126549
0.001158591,0.001264755
0.001157903,0.00126402
0.001157216,0.001263287
0.00115653,0.001262554
0.001155844,0.001261822
0.001155159,0.00126109
0.001154476,0.00126036
0.001153793,0.00125963
0.001153111,0.001258901
0.001152429,0.001258173
0.001151749,0.001257446
0.001151069,0.001256719
0.00115039,0.001255993
0.001149712,0.001255268
0.001149035,0.001254544
0.001148358,0.00125382
0.001147683,0.001253097
0.001147008,0.001252375
0.001146334,0.001251654
0.001145661,0.001250934
0.001144988,0.001250214
0.001144316,0.001249495
0.001143646,0.001248777
0.001142976,0.001248059
0.001142306,0.001247343
0.001141638,0.001246627
0.00114097,0.001245912
0.001140303,0.001245197
0.001139637,0.001244484
0.001138972,0.001243771
0.001138308,0.001243059
0.001137644,0.001242347
0.001136981,0.001241637
0.001136319,0.001240927
0.001135657,0.001240218
0.001134997,0.00123951
0.001134337,0.001238802
0.001133678,0.001238095
0.00113302,0.001237389
0.001132362,0.001236684
0.001131705,0.001235979
0.001131049,0.001235276
0.001130394,0.001234573
0.00112974,0.00123387
0.001129086,0.001233169
0.001128433,0.001232468
0.001127781,0.001231768
0.00112713,0.001231068
0.001126479,0.00123037
0.001125829,0.001229672
0.00112518,0.001228975
0.001124532,0.001228279
0.001123884,0.001227583
0.001123237,0.001226888
0.001122591,0.001226194
0.001121945,0.001225501
0.001121301,0.001224808
0.001120657,0.001224116
0.001120014,0.001223425
0.001119371,0.001222735
0.001118729,0.001222045
0.001118088,0.001221356
0.001117448,0.001220668
0.001116809,0.001219981
0.00111617,0.001219294
0.001115532,0.001218608
0.001114894,0.001217923
0.001114258,0.001217239
0.001113622,0.001216555
0.001112986,0.001215872
0.001112352,0.00121519
0.001111718,0.001214508
0.001111085,0.001213827
0.001110453,0.001213147
0.001109821,0.001212468
0.00110919,0.00121179
0.00110856,0.001211112
0.00110793,0.001210435
0.001107301,0.001209758
0.001106673,0.001209083
0.001106046,0.001208408
0.001105419,0.001207734
0.001104793,0.001207061
0.001104168,0.001206388
0.001103543,0.001205716
0.001102919,0.001205045
0.001102296,0.001204374
0.001101673,0.001203705
0.001101051,0.001203036
0.00110043,0.001202368
0.00109981,0.0012017
0.00109919,0.001201033
0.001098571,0.001200367
0.001097952,0.001199702
0.001097334,0.001199037
0.001096717,0.001198373
0.001096101,0.00119771
0.001095485,0.001197048
0.00109487,0.001196386
0.001094255,0.001195725
0.001093641,0.001195065
0.001093028,0.001194406
0.001092416,0.001193747
0.001091804,0.001193089
0.001091193,0.001192432
0.001090582,0.001191775
0.001089973,0.001191119
0.001089364,0.001190464
0.001088755,0.00118981
0.001088147,0.001189156
0.00108754,0.001188503
0.001086933,0.001187851
0.001086328,0.001187199
0.001085722,0.001186548
0.001085118,0.001185898
0.001084514,0.001185249
0.001083911,0.0011846
0.001083308,0.001183952
0.001082706,0.001183305
0.001082105,0.001182659
0.001081504,0.001182013
0.001080904,0.001181368
0.001080304,0.001180723
0.001079706,0.00118008
0.001079107,0.001179437
0.00107851,0.001178795
0.001077913,0.001178153
0.001077317,0.001177512
0.001076721,0.001176872
0.001076126,0.001176233
0.001075532,0.001175594
0.001074938,0.001174956
0.001074345,0.001174319
0.001073752,0.001173682
0.001073161,0.001173046
0.001072569,0.001172411
0.001071979,0.001171776
0.001071389,0.001171143
0.0010708,0.001170509
0.001070211,0.001169877
0.001069623,0.001169245
0.001069035,0.001168614
0.001068448,0.001167984
0.001067862,0.001167354
0.001067276,0.001166725
0.001066691,0.001166097
0.001066107,0.001165469
0.001065523,0.001164842
0.00106494,0.001164216
0.001064357,0.001163591
0.001063776,0.001162966
0.001063194,0.001162342
0.001062613,0.001161718
0.001062033,0.001161095
0.001061454,0.001160473
0.001060875,0.001159852
0.001060297,0.001159231
0.001059719,0.001158611
0.001059142,0.001157991
0.001058565,0.001157372
0.001057989,0.001156754
0.001057414,0.001156137
0.001056839,0.00115552
0.001056265,0.001154904
0.001055692,0.001154288
0.001055119,0.001153673
0.001054547,0.001153059
0.001053975,0.001152446
0.001053404,0.001151833
0.001052834,0.001151221
0.001052264,0.001150609
0.001051694,0.001149998
0.001051126,0.001149388
0.001050558,0.001148778
0.00104999,0.001148169
0.001049423,0.001147561
0.001048857,0.001146953
0.001048291,0.001146346
0.001047726,0.00114574
0.001047161,0.001145134
0.001046597,0.001144529
0.001046034,0.001143925
0.001045471,0.001143321
0.001044909,0.001142718
0.001044347,0.001142115
0.001043786,0.001141513
0.001043226,0.001140912
0.001042666,0.001140311
0.001042107,0.001139711
0.001041548,0.001139112
0.00104099,0.001138513
0.001040433,0.001137915
0.001039876,0.001137317
0.001039319,0.00113672
0.001038763,0.001136124
0.001038208,0.001135528
0.001037654,0.001134933
0.0010371,0.001134338
0.001036546,0.001133744
0.001035993,0.001133151
0.001035441,0.001132558
0.001034889,0.001131966
0.001034338,0.001131375
0.001033788,0.001130784
0.001033238,0.001130194
0.001032688,0.001129604
0.001032139,0.001129015
0.001031591,0.001128426
0.001031043,0.001127839
0.001030496,0.001127251
0.00102995,0.001126665
0.001029404,0.001126078
0.001028858,0.001125493
0.001028313,0.001124908
0.001027769,0.001124324
0.001027225,0.00112374
0.001026682,0.001123157
0.00102614,0.001122574
0.001025598,0.001121992
0.001025056,0.001121411
0.001024515,0.00112083
0.001023975,0.00112025
0.001023435,0.00111967
0.001022896,0.001119091
0.001022358,0.001118512
0.001021819,0.001117934
0.001021282,0.001117357
0.001020745,0.00111678
0.001020209,0.001116204
0.001019673,0.001115628
0.001019138,0.001115053
0.001018603,0.001114478
0.001018069,0.001113904
0.001017535,0.001113331
0.001017002,0.001112758
0.00101647,0.001112186
0.001015938,0.001111614
0.001015406,0.001111043
0.001014876,0.001110472
0.001014345,0.001109902
0.001013816,0.001109332
0.001013286,0.001108763
0.001012758,0.001108195
0.00101223,0.001107627
0.001011702,0.00110706
0.001011175,0.001106493
0.001010649,0.001105927
0.001010123,0.001105361
0.001009598,0.001104796
0.001009073,0.001104231
0.001008549,0.001103667
0.001008025,0.001103104
0.001007502,0.001102541
0.001006979,0.001101978
0.001006457,0.001101416
0.001005936,0.001100855
0.001005415,0.001100294
0.001004894,0.001099734
0.001004375,0.001099174
0.001003855,0.001098615
0.001003336,0.001098056
0.001002818,0.001097498
0.0010023,0.001096941
0.001001783,0.001096384
0.001001267,0.001095827
0.00100075,0.001095271
0.001000235,0.001094716
0.00099972,0.001094161
0.000999205,0.001093606
0.000998691,0.001093053
0.000998178,0.001092499
0.000997665,0.001091946
0.000997152,0.001091394
0.00099664,0.001090842
0.000996129,0.001090291
0.000995618,0.00108974
0.000995108,0.00108919
0.000994598,0.001088641
0.000994089,0.001088092
0.00099358,0.001087543
0.000993072,0.001086995
0.000992564,0.001086447
0.000992057,0.0010859
0.00099155,0.001085354
0.000991044,0.001084808
0.000990538,0.001084262
0.000990033,0.001083717
0.000989529,0.001083173
0.000989025,0.001082629
0.000988521,0.001082086
0.000988018,0.001081543
0.000987515,0.001081
0.000987013,0.001080458
0.000986512,0.001079917
0.000986011,0.001079376
0.00098551,0.001078836
0.00098501,0.001078296
0.000984511,0.001077757
0.000984012,0.001077218
0.000983513,0.00107668
0.000983015,0.001076142
0.000982518,0.001075605
0.000982021,0.001075068
0.000981524,0.001074532
0.000981028,0.001073996
0.000980533,0.001073461
0.000980038,0.001072926
0.000979543,0.001072392
0.000979049,0.001071859
0.000978556,0.001071326
0.000978063,0.001070793
0.00097757,0.001070261
0.000977078,0.001069729
0.000976587,0.001069198
0.000976096,0.001068667
0.000975605,0.001068137
0.000975115,0.001067608
0.000974625,0.001067079
0.000974136,0.00106655
0.000973648,0.001066022
0.00097316,0.001065495
0.000972672,0.001064968
0.000972185,0.001064441
0.000971698,0.001063915
0.000971212,0.001063389
0.000970726,0.001062864
0.000970241,0.00106234
0.000969756,0.001061816
0.000969272,0.001061292
0.000968788,0.001060769
0.000968305,0.001060247
0.000967822,0.001059725
0.00096734,0.001059203
0.000966858,0.001058682
0.000966376,0.001058162
0.000965895,0.001057642
0.000965415,0.001057122
0.000964935,0.001056603
0.000964455,0.001056085
0.000963976,0.001055567
0.000963498,0.001055049
0.00096302,0.001054532
0.000962542,0.001054016
0.000962065,0.0010535
0.000961588,0.001052984
0.000961112,0.001052469
0.000960636,0.001051954
0.00096016,0.00105144
0.000959686,0.001050927
0.000959211,0.001050414
0.000958737,0.001049901
0.000958264,0.001049389
0.000957791,0.001048878
0.000957318,0.001048367
0.000956846,0.001047856
0.000956374,0.001047346
0.000955903,0.001046836
0.000955432,0.001046327
0.000954962,0.001045819
0.000954492,0.001045311
0.000954022,0.001044803
0.000953553,0.001044296
0.000953085,0.001043789
0.000952617,0.001043283
0.000952149,0.001042777
0.000951682,0.001042272
0.000951215,0.001041767
0.000950749,0.001041263
0.000950283,0.00104076
0.000949818,0.001040256
0.000949353,0.001039754
0.000948888,0.001039251
0.000948424,0.00103875
0.000947961,0.001038248
0.000947497,0.001037747
0.000947035,0.001037247
0.000946572,0.001036747
0.00094611,0.001036248
0.000945649,0.001035749
0.000945188,0.001035251
0.000944727,0.001034753
0.000944267,0.001034255
0.000943808,0.001033758
0.000943348,0.001033262
0.000942889,0.001032766
0.000942431,0.00103227
0.000941973,0.001031775
0.000941516,0.001031281
0.000941059,0.001030786
0.000940602,0.001030293
0.000940146,0.0010298
0.00093969,0.001029307
0.000939234,0.001028815
0.000938779,0.001028323
0.000938325,0.001027832
0.000937871,0.001027341
0.000937417,0.001026851
0.000936964,0.001026361
0.000936511,0.001025871
0.000936059,0.001025382
0.000935607,0.001024894
0.000935155,0.001024406
0.000934704,0.001023918
0.000934253,0.001023431
0.000933803,0.001022945
0.000933353,0.001022459
0.000932904,0.001021973
0.000932455,0.001021488
0.000932006,0.001021003
0.000931558,0.001020519
0.00093111,0.001020035
0.000930663,0.001019551
0.000930216,0.001019068
0.00092977,0.001018586
0.000929323,0.001018104
0.000928878,0.001017622
0.000928432,0.001017141
0.000927988,0.001016661
0.000927543,0.00101618
0.000927099,0.001015701
0.000926656,0.001015221
0.000926212,0.001014742
0.00092577,0.001014264
0.000925327,0.001013786
0.000924885,0.001013309
0.000924444,0.001012832
0.000924003,0.001012355
0.000923562,0.001011879
0.000923122,0.001011403
0.000922682,0.001010928
0.000922242,0.001010453
0.000921803,0.001009978
0.000921364,0.001009505
0.000920926,0.001009031
0.000920488,0.001008558
0.000920051,0.001008085
0.000919614,0.001007613
0.000919177,0.001007141
0.000918741,0.00100667
0.000918305,0.001006199
0.00091787,0.001005729
0.000917434,0.001005259
0.000917,0.001004789
0.000916566,0.00100432
0.000916132,0.001003851
0.000915698,0.001003383
0.000915265,0.001002915
0.000914833,0.001002447
0.0009144,0.00100198
0.000913969,0.001001514
0.000913537,0.001001048
0.000913106,0.001000582
0.000912676,0.001000117
0.000912245,0.000999652
0.000911815,0.000999187
0.000911386,0.000998723
0.000910957,0.00099826
0.000910528,0.000997796
0.0009101,0.000997334
0.000909672,0.000996871
0.000909245,0.000996409
0.000908818,0.000995948
0.000908391,0.000995487
0.000907965,0.000995026
0.000907539,0.000994566
0.000907113,0.000994106
0.000906688,0.000993646
0.000906264,0.000993187
0.000905839,0.000992729
0.000905415,0.00099227
0.000904992,0.000991812
0.000904569,0.000991355
0.000904146,0.000990898
0.000903724,0.000990441
0.000903302,0.000989985
0.00090288,0.000989529
0.000902459,0.000989074
0.000902038,0.000988619
0.000901618,0.000988165
0.000901198,0.00098771
0.000900778,0.000987257
0.000900359,0.000986803
0.00089994,0.00098635
0.000899521,0.000985898
0.000899103,0.000985445
0.000898686,0.000984994
0.000898268,0.000984542
0.000897851,0.000984091
0.000897435,0.000983641
0.000897019,0.000983191
0.000896603,0.000982741
0.000896187,0.000982291
0.000895772,0.000981842
0.000895358,0.000981394
0.000894943,0.000980946
0.000894529,0.000980498
0.000894116,0.00098005
0.000893703,0.000979603
0.00089329,0.000979157
0.000892878,0.00097871
0.000892466,0.000978265
0.000892054,0.000977819
0.000891643,0.000977374
0.000891232,0.000976929
0.000890821,0.000976485
0.000890411,0.000976041
0.000890002,0.000975598
0.000889592,0.000975154
0.000889183,0.000974712
0.000888775,0.000974269
0.000888366,0.000973827
0.000887958,0.000973386
0.000887551,0.000972944
0.000887144,0.000972503
0.000886737,0.000972063
0.000886331,0.000971623
0.000885925,0.000971183
0.000885519,0.000970744
0.000885114,0.000970305
0.000884709,0.000969866
0.000884304,0.000969428
0.0008839,0.00096899
0.000883496,0.000968553
0.000883093,0.000968116
0.00088269,0.000967679
0.000882287,0.000967243
0.000881885,0.000966807
0.000881483,0.000966371
0.000881081,0.000965936
0.00088068,0.000965501
0.000880279,0.000965067
0.000879878,0.000964633
0.000879478,0.000964199
0.000879078,0.000963766
0.000878679,0.000963333
0.00087828,0.0009629
0.000877881,0.000962468
0.000877483,0.000962036
0.000877085,0.000961605
0.000876687,0.000961174
0.00087629,0.000960743
0.000875893,0.000960313
0.000875496,0.000959883
0.0008751,0.000959453
0.000874704,0.000959024
0.000874309,0.000958595
0.000873914,0.000958166
0.000873519,0.000957738
0.000873125,0.00095731
0.00087273,0.000956883
0.000872337,0.000956456
0.000871943,0.000956029
0.00087155,0.000955603
0.000871158,0.000955177
0.000870765,0.000954751
0.000870373,0.000954326
0.000869982,0.000953901
0.000869591,0.000953477
0.0008692,0.000953053
0.000868809,0.000952629
0.000868419,0.000952206
0.000868029,0.000951783
0.000867639,0.00095136
0.00086725,0.000950938
0.000866861,0.000950516
0.000866473,0.000950094
0.000866085,0.000949673
0.000865697,0.000949252
0.00086531,0.000948832
0.000864922,0.000948411
0.000864536,0.000947992
0.000864149,0.000947572
0.000863763,0.000947153
0.000863377,0.000946735
0.000862992,0.000946316
0.000862607,0.000945898
0.000862222,0.000945481
0.000861838,0.000945063
0.000861454,0.000944646
0.00086107,0.00094423
0.000860687,0.000943814
0.000860304,0.000943398
0.000859921,0.000942982
0.000859539,0.000942567
0.000859157,0.000942153
0.000858775,0.000941738
0.000858394,0.000941324
0.000858013,0.00094091
0.000857632,0.000940497
0.000857252,0.000940084
0.000856872,0.000939672
0.000856492,0.000939259
0.000856113,0.000938847
0.000855734,0.000938436
0.000855355,0.000938025
0.000854976,0.000937614
0.000854598,0.000937203
0.000854221,0.000936793
0.000853843,0.000936383
0.000853466,0.000935974
0.00085309,0.000935565
0.000852713,0.000935156
0.000852337,0.000934748
0.000851961,0.00093434
0.000851586,0.000933932
0.000851211,0.000933525
0.000850836,0.000933118
0.000850462,0.000932711
0.000850088,0.000932305
0.000849714,0.000931899
0.00084934,0.000931493
0.000848967,0.000931088
0.000848594,0.000930683
0.000848222,0.000930278
0.00084785,0.000929874
0.000847478,0.00092947
0.000847106,0.000929067
0.000846735,0.000928664
0.000846364,0.000928261
0.000845993,0.000927858
0.000845623,0.000927456
0.000845253,0.000927055
0.000844884,0.000926653
0.000844514,0.000926252
0.000844145,0.000925851
0.000843777,0.000925451
0.000843408,0.000925051
0.00084304,0.000924651
0.000842672,0.000924252
0.000842305,0.000923853
0.000841938,0.000923454
0.000841571,0.000923056
0.000841204,0.000922658
0.000840838,0.00092226
0.000840472,0.000921863
0.000840107,0.000921466
0.000839742,0.000921069
0.000839377,0.000920673
0.000839012,0.000920277
0.000838648,0.000919881
0.000838284,0.000919486
0.00083792,0.000919091
0.000837557,0.000918696
0.000837194,0.000918302
0.000836831,0.000917908
0.000836468,0.000917515
0.000836106,0.000917121
0.000835744,0.000916728
0.000835383,0.000916336
0.000835021,0.000915944
0.00083466,0.000915552
0.0008343,0.00091516
0.000833939,0.000914769
0.000833579,0.000914378
0.00083322,0.000913987
0.00083286,0.000913597
0.000832501,0.000913207
0.000832142,0.000912817
0.000831784,0.000912428
0.000831426,0.000912039
0.000831068,0.000911651
0.00083071,0.000911262
0.000830353,0.000910874
0.000829996,0.000910487
0.000829639,0.000910099
0.000829283,0.000909712
0.000828926,0.000909326
0.000828571,0.000908939
0.000828215,0.000908553
0.00082786,0.000908168
0.000827505,0.000907782
0.00082715,0.000907397
0.000826796,0.000907013
0.000826442,0.000906628
0.000826088,0.000906244
0.000825735,0.00090586
0.000825382,0.000905477
0.000825029,0.000905094
0.000824676,0.000904711
0.000824324,0.000904329
0.000823972,0.000903946
0.00082362,0.000903565
0.000823269,0.000903183
0.000822918,0.000902802
0.000822567,0.000902421
0.000822217,0.000902041
0.000821866,0.00090166
0.000821516,0.00090128
0.000821167,0.000900901
0.000820817,0.000900521
0.000820468,0.000900143
0.00082012,0.000899764
0.000819771,0.000899385
0.000819423,0.000899008
0.000819075,0.00089863
0.000818727,0.000898252
0.00081838,0.000897875
0.000818033,0.000897498
0.000817686,0.000897122
0.00081734,0.000896746
0.000816994,0.00089637
0.000816648,0.000895995
0.000816302,0.000895619
0.000815957,0.000895244
0.000815612,0.00089487
0.000815267,0.000894495
0.000814923,0.000894121
0.000814579,0.000893748
0.000814235,0.000893374
0.000813891,0.000893001
0.000813548,0.000892628
0.000813205,0.000892256
0.000812862,0.000891884
0.00081252,0.000891512
0.000812178,0.00089114
0.000811836,0.000890769
0.000811494,0.000890398
0.000811153,0.000890027
0.000810812,0.000889657
0.000810471,0.000889287
0.000810131,0.000888917
0.00080979,0.000888548
0.00080945,0.000888179
0.000809111,0.00088781
0.000808771,0.000887441
0.000808432,0.000887073
0.000808094,0.000886705
0.000807755,0.000886337
0.000807417,0.00088597
0.000807079,0.000885603
0.000806741,0.000885236
0.000806404,0.00088487
0.000806067,0.000884503
0.00080573,0.000884137
0.000805393,0.000883772
0.000805057,0.000883406
0.000804721,0.000883041
0.000804385,0.000882677
0.00080405,0.000882312
0.000803715,0.000881948
0.00080338,0.000881584
0.000803045,0.000881221
0.000802711,0.000880857
0.000802377,0.000880494
0.000802043,0.000880132
0.000801709,0.000879769
0.000801376,0.000879407
0.000801043,0.000879045
0.00080071,0.000878684
0.000800378,0.000878322
0.000800046,0.000877962
0.000799714,0.000877601
0.000799382,0.00087724
0.000799051,0.00087688
0.00079872,0.00087652
0.000798389,0.000876161
0.000798059,0.000875802
0.000797728,0.000875443
0.000797398,0.000875084
0.000797069,0.000874725
0.000796739,0.000874367
0.00079641,0.00087401
0.000796081,0.000873652
0.000795753,0.000873295
0.000795424,0.000872938
0.000795096,0.000872581
0.000794768,0.000872225
0.000794441,0.000871868
0.000794113,0.000871512
0.000793786,0.000871157
0.00079346,0.000870801
0.000793133,0.000870446
0.000792807,0.000870092
0.000792481,0.000869737
0.000792155,0.000869383
0.00079183,0.000869029
0.000791505,0.000868675
0.00079118,0.000868322
0.000790855,0.000867969
0.000790531,0.000867616
0.000790206,0.000867264
0.000789883,0.000866911
0.000789559,0.000866559
0.000789236,0.000866208
0.000788913,0.000865856
0.00078859,0.000865505
0.000788267,0.000865154
0.000787945,0.000864804
0.000787623,0.000864453
0.000787301,0.000864103
0.00078698,0.000863753
0.000786658,0.000863404
0.000786338,0.000863054
0.000786017,0.000862706
0.000785696,0.000862357
0.000785376,0.000862008
0.000785056,0.00086166
0.000784737,0.000861312
0.000784417,0.000860965
0.000784098,0.000860617
0.000783779,0.00086027
0.00078346,0.000859923
0.000783142,0.000859577
0.000782824,0.000859231
0.000782506,0.000858885
0.000782188,0.000858539
0.000781871,0.000858193
0.000781554,0.000857848
0.000781237,0.000857503
0.00078092,0.000857159
0.000780604,0.000856814
0.000780288,0.00085647
0.000779972,0.000856126
0.000779656,0.000855783
0.000779341,0.000855439
0.000779026,0.000855096
0.000778711,0.000854754
0.000778397,0.000854411
0.000778082,0.000854069
0.000777768,0.000853727
0.000777454,0.000853385
0.000777141,0.000853044
0.000776827,0.000852702
0.000776514,0.000852361
0.000776201,0.000852021
0.000775889,0.000851681
0.000775577,0.00085134
0.000775264,0.000851
0.000774953,0.000850661
0.000774641,0.000850321
0.00077433,0.000849982
