Homogeneous,Core - Shell
0.00800427,0.015275917
0.002001068,0.015320973
0.000889364,0.015366272
0.000500268,0.015411787
0.000320172,0.015457491
0.000222343,0.015503358
0.000163354,0.015549362
0.000125069,0.015595477
9.88E-05,0.015641678
8.00E-05,0.015687941
6.62E-05,0.01573424
5.56E-05,0.015780553
4.74E-05,0.015826854
0.006302729,0.015873122
0.006305151,0.015919331
0.006307744,0.01596546
0.006310511,0.016011485
0.006313452,0.016057385
0.006316568,0.016103136
0.006319858,0.016148718
0.006323324,0.016194107
0.006326967,0.016239282
0.006330787,0.016284223
0.006334785,0.016328907
0.006338962,0.016373313
0.006343317,0.016417422
0.006347853,0.016461212
0.00635257,0.016504663
0.006357468,0.016547754
0.006362547,0.016590467
0.00636781,0.01663278
0.006373256,0.016674675
0.006378886,0.016716133
0.0063847,0.016757134
0.0063907,0.01679766
0.006396886,0.016837692
0.006403259,0.016877212
0.006409819,0.016916202
0.006416566,0.016954645
0.006423503,0.016992523
0.006430628,0.017029818
0.006437944,0.017066516
0.006445449,0.017102598
0.006453146,0.017138048
0.006461035,0.017172852
0.006469116,0.017206993
0.006477389,0.017240457
0.006485857,0.017273229
0.006494518,0.017305294
0.006503373,0.017336638
0.006512424,0.017367248
0.006521671,0.017397111
0.006531114,0.017426213
0.006540753,0.017454543
0.00655059,0.017482088
0.006560625,0.017508837
0.006570858,0.017534779
0.006581289,0.017559902
0.00659192,0.017584197
0.006602751,0.017607654
0.006613782,0.017630263
0.006625013,0.017652016
0.006636446,0.017672903
0.00664808,0.017692917
0.006659916,0.01771205
0.006671954,0.017730296
0.006684194,0.017747646
0.006696638,0.017764096
0.006709285,0.01777964
0.006722135,0.017794272
0.006735189,0.017807988
0.006748448,0.017820783
0.00676191,0.017832653
0.006775578,0.017843596
0.00678945,0.017853607
0.006803528,0.017862686
0.00681781,0.01787083
0.006832298,0.017878038
0.006846992,0.017884308
0.006861891,0.01788964
0.006876996,0.017894034
0.006892306,0.017897491
0.006907823,0.017900012
0.006923545,0.017901597
0.006939473,0.017902248
0.006955607,0.017901968
0.006971946,0.01790076
0.006988491,0.017898626
0.007005242,0.01789557
0.007022197,0.017891595
0.007039358,0.017886707
0.007056724,0.01788091
0.007074295,0.017874208
0.007092069,0.017866608
0.007110048,0.017858116
0.00712823,0.017848737
0.007146616,0.017838478
0.007165205,0.017827346
0.007183996,0.017815349
0.007202988,0.017802494
0.007222182,0.017788788
0.007241577,0.017774241
0.007261172,0.017758861
0.007280967,0.017742656
0.00730096,0.017725636
0.007321151,0.01770781
0.00734154,0.017689188
0.007362125,0.01766978
0.007382905,0.017649596
0.007403881,0.017628646
0.00742505,0.017606941
0.007446411,0.017584492
0.007467964,0.017561309
0.007489708,0.017537405
0.007511641,0.017512789
0.007533762,0.017487475
0.00755607,0.017461473
0.007578563,0.017434796
0.007601241,0.017407455
0.007624101,0.017379462
0.007647143,0.017350831
0.007670364,0.017321572
0.007693764,0.017291699
0.00771734,0.017261223
0.007741091,0.017230159
0.007765016,0.017198517
0.007789111,0.017166311
0.007813376,0.017133554
0.007837809,0.017100259
0.007862407,0.017066437
0.007887168,0.017032103
0.007912091,0.016997269
0.007937173,0.016961947
0.007962412,0.016926151
0.007987806,0.016889893
0.008013352,0.016853187
0.008039048,0.016816045
0.008064891,0.016778479
0.008090879,0.016740503
0.00811701,0.016702129
0.008143279,0.01666337
0.008169686,0.016624238
0.008196227,0.016584746
0.008222899,0.016544905
0.008249699,0.01650473
0.008276624,0.016464231
0.008303671,0.016423421
0.008330837,0.016382311
0.008358118,0.016340915
0.008385512,0.016299243
0.008413015,0.016257307
0.008440624,0.01621512
0.008468335,0.016172692
0.008496144,0.016130035
0.008524049,0.01608716
0.008552044,0.016044079
0.008580128,0.016000801
0.008608295,0.015957339
0.008636541,0.015913703
0.008664864,0.015869903
0.008693258,0.01582595
0.00872172,0.015781854
0.008750246,0.015737626
0.008778831,0.015693275
0.008807472,0.015648811
0.008836163,0.015604244
0.0088649,0.015559583
0.00889368,0.015514839
0.008922497,0.01547002
0.008951347,0.015425134
0.008980225,0.015380192
0.009009127,0.015335202
0.009038048,0.015290173
0.009066983,0.015245113
0.009095927,0.01520003
0.009124875,0.015154932
0.009153823,0.015109828
0.009182765,0.015064725
0.009211697,0.015019632
0.009240613,0.014974554
0.009269508,0.014929501
0.009298377,0.014884479
0.009327215,0.014839495
0.009356016,0.014794556
0.009384776,0.014749668
0.009413489,0.014704839
0.00944215,0.014660075
0.009470752,0.014615382
0.009499292,0.014570766
0.009527763,0.014526233
0.00955616,0.01448179
0.009584478,0.014437441
0.009612711,0.014393192
0.009640854,0.014349049
0.0096689,0.014305016
0.009696845,0.0142611
0.009724683,0.014217304
0.009752408,0.014173634
0.009780016,0.014130095
0.0098075,0.01408669
0.009834854,0.014043425
0.009862074,0.014000304
0.009889153,0.01395733
0.009916087,0.013914508
0.00994287,0.013871842
0.009969495,0.013829335
0.009995959,0.013786991
0.010022254,0.013744814
0.010048377,0.013702807
0.010074321,0.013660973
0.010100081,0.013619315
0.010125651,0.013577837
0.010151027,0.01353654
0.010176203,0.013495429
0.010201174,0.013454506
0.010225935,0.013413773
0.01025048,0.013373232
0.010274804,0.013332887
0.010298903,0.013292739
0.010322771,0.01325279
0.010346404,0.013213043
0.010369796,0.013173499
0.010392942,0.01313416
0.010415839,0.013095029
0.010438481,0.013056106
0.010460864,0.013017393
0.010482983,0.012978891
0.010504833,0.012940603
0.010526411,0.012902528
0.010547711,0.012864669
0.010568731,0.012827026
0.010589464,0.0127896
0.010609909,0.012752393
0.010630059,0.012715405
0.010649913,0.012678637
0.010669465,0.012642089
0.010688712,0.012605762
0.010707651,0.012569657
0.010726277,0.012533774
0.010744588,0.012498113
0.01076258,0.012462674
0.010780251,0.012427459
0.010797596,0.012392466
0.010814613,0.012357696
0.010831299,0.01232315
0.010847651,0.012288826
0.010863667,0.012254725
0.010879343,0.012220846
0.010894678,0.01218719
0.010909669,0.012153756
0.010924313,0.012120544
0.01093861,0.012087552
0.010952555,0.012054781
0.010966149,0.01202223
0.010979388,0.011989899
0.010992272,0.011957786
0.011004798,0.011925891
0.011016965,0.011894214
0.011028772,0.011862753
0.011040218,0.011831507
0.0110513,0.011800476
0.01106202,0.011769659
0.011072374,0.011739054
0.011082363,0.011708661
0.011091987,0.011678478
0.011101243,0.011648505
0.011110133,0.011618739
0.011118655,0.01158918
0.011126809,0.011559827
0.011134596,0.011530678
0.011142014,0.011501732
0.011149065,0.011472987
0.011155749,0.011444442
0.011162065,0.011416096
0.011168014,0.011387947
0.011173597,0.011359993
0.011178814,0.011332233
0.011183666,0.011304666
0.011188154,0.011277289
0.011192278,0.011250102
0.01119604,0.011223102
0.011199441,0.011196288
0.011202482,0.011169658
0.011205163,0.01114321
0.011207488,0.011116942
0.011209456,0.011090854
0.01121107,0.011064942
0.011212331,0.011039205
0.011213241,0.011013641
0.011213801,0.010988249
0.011214014,0.010963026
0.011213882,0.010937971
0.011213406,0.010913082
0.01121259,0.010888356
0.011211434,0.010863792
0.011209941,0.010839387
0.011208114,0.010815141
0.011205955,0.01079105
0.011203466,0.010767114
0.01120065,0.010743329
0.011197511,0.010719694
0.011194049,0.010696207
0.011190269,0.010672866
0.011186172,0.010649668
0.011181763,0.010626613
0.011177043,0.010603697
0.011172016,0.010580919
0.011166685,0.010558277
0.011161053,0.010535768
0.011155123,0.010513391
0.011148899,0.010491144
0.011142383,0.010469025
0.011135579,0.010447031
0.01112849,0.010425161
0.01112112,0.010403412
0.011113473,0.010381783
0.011105551,0.010360272
0.011097358,0.010338876
0.011088898,0.010317594
0.011080174,0.010296424
0.01107119,0.010275364
0.01106195,0.010254411
0.011052458,0.010233564
0.011042717,0.010212821
0.011032731,0.01019218
0.011022503,0.01017164
0.011012038,0.010151197
0.01100134,0.010130851
0.010990412,0.0101106
0.010979259,0.010090441
0.010967884,0.010070373
0.010956291,0.010050395
0.010944484,0.010030503
0.010932468,0.010010698
0.010920245,0.009990976
0.010907821,0.009971336
0.0108952,0.009951776
0.010882385,0.009932296
0.01086938,0.009912892
0.010856189,0.009893564
0.010842818,0.00987431
0.010829269,0.009855128
0.010815547,0.009836016
0.010801655,0.009816974
0.010787599,0.009797999
0.010773382,0.009779091
0.010759008,0.009760247
0.010744482,0.009741467
0.010729806,0.009722748
0.010714987,0.00970409
0.010700027,0.009685491
0.010684931,0.009666949
0.010669702,0.009648464
0.010654346,0.009630034
0.010638865,0.009611658
0.010623264,0.009593335
0.010607547,0.009575063
0.010591718,0.009556842
0.010575782,0.00953867
0.010559741,0.009520546
0.0105436,0.009502468
0.010527362,0.009484437
0.010511033,0.009466451
0.010494615,0.009448508
0.010478113,0.009430609
0.01046153,0.009412751
0.01044487,0.009394935
0.010428137,0.009377159
0.010411335,0.009359422
0.010394467,0.009341723
0.010377537,0.009324063
0.010360549,0.009306439
0.010343506,0.009288852
0.010326412,0.0092713
0.01030927,0.009253783
0.010292085,0.0092363
0.010274858,0.00921885
0.010257595,0.009201434
0.010240297,0.00918405
0.01022297,0.009166698
0.010205615,0.009149377
0.010188236,0.009132087
0.010170836,0.009114827
0.010153419,0.009097597
0.010135987,0.009080396
0.010118543,0.009063225
0.010101091,0.009046082
0.010083634,0.009028968
0.010066174,0.009011882
0.010048714,0.008994824
0.010031257,0.008977793
0.010013806,0.008960789
0.009996363,0.008943813
0.009978931,0.008926863
0.009961513,0.00890994
0.009944111,0.008893043
0.009926727,0.008876173
0.009909365,0.008859329
0.009892025,0.008842512
0.009874711,0.00882572
0.009857425,0.008808955
0.009840169,0.008792215
0.009822945,0.008775502
0.009805755,0.008758814
0.0097886,0.008742153
0.009771484,0.008725518
0.009754408,0.008708909
0.009737373,0.008692326
0.009720381,0.008675769
0.009703434,0.008659239
0.009686534,0.008642735
0.009669681,0.008626259
0.009652879,0.008609808
0.009636127,0.008593385
0.009619428,0.008576989
0.009602782,0.008560621
0.009586191,0.00854428
0.009569655,0.008527967
0.009553177,0.008511681
0.009536757,0.008495425
0.009520397,0.008479196
0.009504096,0.008462996
0.009487856,0.008446826
0.009471677,0.008430684
0.009455562,0.008414573
0.009439509,0.008398491
0.009423519,0.008382439
0.009407595,0.008366418
0.009391734,0.008350428
0.009375939,0.008334468
0.00936021,0.008318541
0.009344546,0.008302645
0.009328949,0.008286781
0.009313418,0.00827095
0.009297954,0.008255151
0.009282556,0.008239386
0.009267225,0.008223654
0.009251961,0.008207956
0.009236764,0.008192292
0.009221633,0.008176663
0.009206569,0.008161069
0.009191571,0.00814551
0.009176639,0.008129987
0.009161772,0.008114501
0.009146972,0.00809905
0.009132236,0.008083636
0.009117565,0.00806826
0.009102958,0.008052921
0.009088415,0.00803762
0.009073935,0.008022357
0.009059517,0.008007133
0.009045162,0.007991948
0.009030868,0.007976802
0.009016634,0.007961696
0.009002461,0.00794663
0.008988346,0.007931605
0.00897429,0.00791662
0.008960291,0.007901676
0.008946349,0.007886774
0.008932463,0.007871913
0.008918631,0.007857095
0.008904854,0.007842319
0.008891129,0.007827586
0.008877456,0.007812896
0.008863835,0.007798249
0.008850263,0.007783646
0.008836741,0.007769086
0.008823266,0.007754571
0.008809838,0.007740101
0.008796455,0.007725675
0.008783117,0.007711294
0.008769823,0.007696959
0.00875657,0.007682669
0.008743359,0.007668425
0.008730188,0.007654227
0.008717056,0.007640076
0.008703961,0.007625971
0.008690903,0.007611912
0.008677879,0.007597901
0.00866489,0.007583936
0.008651934,0.007570019
0.00863901,0.00755615
0.008626115,0.007542328
0.008613251,0.007528554
0.008600414,0.007514828
0.008587604,0.00750115
0.008574819,0.00748752
0.00856206,0.007473939
0.008549323,0.007460406
0.008536609,0.007446922
0.008523916,0.007433487
0.008511242,0.0074201
0.008498587,0.007406763
0.00848595,0.007393474
0.008473329,0.007380235
0.008460724,0.007367044
0.008448133,0.007353903
0.008435555,0.007340811
0.008422989,0.007327768
0.008410435,0.007314774
0.00839789,0.007301829
0.008385355,0.007288934
0.008372827,0.007276088
0.008360307,0.007263291
0.008347793,0.007250543
0.008335284,0.007237845
0.00832278,0.007225195
0.008310279,0.007212595
0.00829778,0.007200043
0.008285284,0.00718754
0.008272789,0.007175086
0.008260293,0.007162681
0.008247797,0.007150325
0.0082353,0.007138016
0.008222801,0.007125757
0.0082103,0.007113545
0.008197795,0.007101382
0.008185286,0.007089266
0.008172772,0.007077199
0.008160254,0.007065179
0.00814773,0.007053206
0.008135199,0.007041281
0.008122662,0.007029402
0.008110118,0.007017571
0.008097567,0.007005787
0.008085008,0.006994048
0.00807244,0.006982357
0.008059864,0.006970711
0.008047278,0.006959111
0.008034684,0.006947557
0.00802208,0.006936048
0.008009466,0.006924584
0.007996843,0.006913165
0.007984209,0.00690179
0.007971565,0.00689046
0.007958911,0.006879174
0.007946247,0.006867931
0.007933572,0.006856732
0.007920886,0.006845576
0.00790819,0.006834463
0.007895484,0.006823393
0.007882767,0.006812365
0.007870039,0.006801378
0.007857302,0.006790434
0.007844554,0.00677953
0.007831796,0.006768668
0.007819029,0.006757846
0.007806252,0.006747065
0.007793465,0.006736323
0.00778067,0.006725621
0.007767865,0.006714959
0.007755052,0.006704335
0.00774223,0.00669375
0.007729401,0.006683203
0.007716564,0.006672694
0.00770372,0.006662222
0.007690869,0.006651788
0.007678011,0.00664139
0.007665148,0.006631029
0.007652279,0.006620704
0.007639405,0.006610414
0.007626526,0.00660016
0.007613643,0.00658994
0.007600757,0.006579756
0.007587868,0.006569605
0.007574976,0.006559488
0.007562082,0.006549405
0.007549187,0.006539355
0.007536291,0.006529337
0.007523395,0.006519352
0.007510499,0.006509399
0.007497605,0.006499477
0.007484712,0.006489586
0.007471821,0.006479727
0.007458933,0.006469897
0.007446049,0.006460098
0.007433169,0.006450329
0.007420294,0.006440589
0.007407425,0.006430878
0.007394562,0.006421195
0.007381706,0.006411541
0.007368857,0.006401915
0.007356017,0.006392317
0.007343186,0.006382745
0.007330365,0.006373201
0.007317554,0.006363683
0.007304754,0.006354191
0.007291966,0.006344725
0.007279191,0.006335285
0.007266428,0.00632587
0.00725368,0.006316479
0.007240947,0.006307113
0.007228229,0.006297772
0.007215527,0.006288454
0.007202841,0.00627916
0.007190173,0.006269889
0.007177524,0.006260642
0.007164893,0.006251416
0.007152281,0.006242214
0.00713969,0.006233033
0.00712712,0.006223874
0.007114571,0.006214737
0.007102044,0.006205621
0.007089541,0.006196526
0.00707706,0.006187451
0.007064604,0.006178398
0.007052172,0.006169364
0.007039766,0.00616035
0.007027386,0.006151356
0.007015032,0.006142382
0.007002706,0.006133426
0.006990407,0.00612449
0.006978136,0.006115573
0.006965894,0.006106674
0.006953682,0.006097793
0.0069415,0.006088931
0.006929348,0.006080087
0.006917227,0.00607126
0.006905138,0.006062451
0.00689308,0.006053659
0.006881055,0.006044885
0.006869063,0.006036128
0.006857105,0.006027387
0.00684518,0.006018663
0.006833289,0.006009956
0.006821434,0.006001265
0.006809613,0.005992591
0.006797827,0.005983933
0.006786078,0.00597529
0.006774364,0.005966664
0.006762688,0.005958053
0.006751048,0.005949458
0.006739445,0.005940879
0.00672788,0.005932315
0.006716352,0.005923767
0.006704863,0.005915233
0.006693411,0.005906715
0.006681999,0.005898212
0.006670625,0.005889724
0.00665929,0.005881251
0.006647995,0.005872793
0.006636738,0.005864349
0.006625522,0.005855921
0.006614345,0.005847507
0.006603208,0.005839107
0.00659211,0.005830723
0.006581053,0.005822353
0.006570037,0.005813997
0.00655906,0.005805657
0.006548124,0.00579733
0.006537228,0.005789018
0.006526373,0.005780721
0.006515558,0.005772438
0.006504784,0.005764169
0.00649405,0.005755915
0.006483357,0.005747676
0.006472704,0.005739451
0.006462092,0.00573124
0.00645152,0.005723044
0.006440988,0.005714863
0.006430497,0.005706696
0.006420046,0.005698543
0.006409634,0.005690405
0.006399263,0.005682282
0.006388932,0.005674174
0.00637864,0.00566608
0.006368388,0.005658001
0.006358175,0.005649936
0.006348001,0.005641887
0.006337867,0.005633852
0.006327771,0.005625833
0.006317714,0.005617828
0.006307695,0.005609838
0.006297714,0.005601864
0.006287772,0.005593904
0.006277867,0.00558596
0.006267999,0.005578031
0.006258169,0.005570117
0.006248376,0.005562219
0.006238619,0.005554337
0.006228898,0.005546469
0.006219214,0.005538618
0.006209566,0.005530782
0.006199952,0.005522962
0.006190374,0.005515158
0.006180831,0.005507369
0.006171323,0.005499597
0.006161848,0.005491841
0.006152408,0.0054841
0.006143,0.005476376
0.006133626,0.005468669
0.006124285,0.005460977
0.006114976,0.005453303
0.006105699,0.005445644
0.006096454,0.005438002
0.00608724,0.005430377
0.006078057,0.005422769
0.006068905,0.005415178
0.006059782,0.005407603
0.00605069,0.005400046
0.006041627,0.005392505
0.006032593,0.005384982
0.006023587,0.005377476
0.00601461,0.005369987
0.006005661,0.005362515
0.005996739,0.005355061
0.005987844,0.005347625
0.005978976,0.005340206
0.005970134,0.005332804
0.005961319,0.005325421
0.005952528,0.005318055
0.005943763,0.005310707
0.005935022,0.005303377
0.005926306,0.005296065
0.005917614,0.005288771
0.005908946,0.005281495
0.0059003,0.005274237
0.005891678,0.005266997
0.005883078,0.005259776
0.0058745,0.005252573
0.005865943,0.005245388
0.005857408,0.005238221
0.005848895,0.005231074
0.005840401,0.005223944
0.005831928,0.005216833
0.005823476,0.005209741
0.005815042,0.005202667
0.005806628,0.005195612
0.005798233,0.005188576
0.005789857,0.005181558
0.005781498,0.005174559
0.005773158,0.005167579
0.005764836,0.005160618
0.005756531,0.005153675
0.005748243,0.005146751
0.005739972,0.005139846
0.005731717,0.00513296
0.005723478,0.005126093
0.005715256,0.005119245
0.005707049,0.005112415
0.005698857,0.005105605
0.005690681,0.005098813
0.00568252,0.00509204
0.005674373,0.005085286
0.005666241,0.005078551
0.005658123,0.005071835
0.005650019,0.005065138
0.005641929,0.005058459
0.005633853,0.0050518
0.00562579,0.005045159
0.00561774,0.005038537
0.005609703,0.005031934
0.005601679,0.005025349
0.005593668,0.005018783
0.005585669,0.005012236
0.005577683,0.005005707
0.005569709,0.004999197
0.005561747,0.004992706
0.005553798,0.004986233
0.00554586,0.004979778
0.005537933,0.004973342
0.005530019,0.004966925
0.005522116,0.004960525
0.005514224,0.004954144
0.005506344,0.004947781
0.005498475,0.004941437
0.005490618,0.00493511
0.005482771,0.004928801
0.005474936,0.004922511
0.005467112,0.004916238
0.005459299,0.004909983
0.005451496,0.004903746
0.005443705,0.004897526
0.005435925,0.004891324
0.005428155,0.00488514
0.005420397,0.004878973
0.005412649,0.004872824
0.005404913,0.004866691
0.005397187,0.004860576
0.005389472,0.004854478
0.005381768,0.004848397
0.005374075,0.004842333
0.005366393,0.004836286
0.005358722,0.004830256
0.005351062,0.004824242
0.005343414,0.004818245
0.005335776,0.004812264
0.00532815,0.004806299
0.005320535,0.004800351
0.005312931,0.004794419
0.005305339,0.004788503
0.005297758,0.004782603
0.005290189,0.004776719
0.005282631,0.004770851
0.005275085,0.004764998
0.005267551,0.004759161
0.005260029,0.004753339
0.005252519,0.004747532
0.005245021,0.004741741
0.005237535,0.004735964
0.005230062,0.004730203
0.005222601,0.004724457
0.005215152,0.004718725
0.005207716,0.004713008
0.005200293,0.004707305
0.005192883,0.004701617
0.005185485,0.004695943
0.005178101,0.004690283
0.00517073,0.004684638
0.005163372,0.004679006
0.005156028,0.004673388
0.005148697,0.004667784
0.00514138,0.004662193
0.005134077,0.004656616
0.005126788,0.004651053
0.005119513,0.004645502
0.005112252,0.004639965
0.005105006,0.004634441
0.005097774,0.004628929
0.005090557,0.004623431
0.005083354,0.004617945
0.005076166,0.004612471
0.005068993,0.00460701
0.005061836,0.004601562
0.005054693,0.004596126
0.005047566,0.004590701
0.005040454,0.004585289
0.005033358,0.004579889
0.005026278,0.004574501
0.005019214,0.004569124
0.005012165,0.004563759
0.005005133,0.004558405
0.004998117,0.004553063
0.004991117,0.004547732
0.004984134,0.004542412
0.004977167,0.004537104
0.004970217,0.004531806
0.004963283,0.004526519
0.004956367,0.004521243
0.004949467,0.004515977
0.004942585,0.004510723
0.00493572,0.004505478
0.004928872,0.004500245
0.004922041,0.004495021
0.004915228,0.004489808
0.004908432,0.004484605
0.004901654,0.004479411
0.004894894,0.004474228
0.004888152,0.004469055
0.004881427,0.004463892
0.00487472,0.004458738
0.004868032,0.004453594
0.004861361,0.004448459
0.004854709,0.004443334
0.004848075,0.004438219
0.004841459,0.004433113
0.004834861,0.004428016
0.004828282,0.004422928
0.004821721,0.004417849
0.004815179,0.00441278
0.004808655,0.004407719
0.00480215,0.004402668
0.004795663,0.004397625
0.004789195,0.004392592
0.004782746,0.004387567
0.004776315,0.00438255
0.004769903,0.004377543
0.00476351,0.004372544
0.004757135,0.004367553
0.004750779,0.004362571
0.004744442,0.004357598
0.004738124,0.004352633
0.004731824,0.004347676
0.004725544,0.004342728
0.004719281,0.004337788
0.004713038,0.004332857
0.004706813,0.004327933
0.004700607,0.004323018
0.00469442,0.004318111
0.004688251,0.004313212
0.004682101,0.004308321
0.00467597,0.004303439
0.004669857,0.004298564
0.004663762,0.004293697
0.004657687,0.004288839
0.004651629,0.004283988
0.00464559,0.004279145
0.004639569,0.004274311
0.004633567,0.004269484
0.004627583,0.004264665
0.004621617,0.004259854
0.004615669,0.004255051
0.004609739,0.004250255
0.004603827,0.004245468
0.004597933,0.004240688
0.004592057,0.004235917
0.004586199,0.004231153
0.004580358,0.004226397
0.004574535,0.004221648
0.004568729,0.004216908
0.004562941,0.004212175
0.00455717,0.004207451
0.004551417,0.004202734
0.004545681,0.004198025
0.004539961,0.004193323
0.004534259,0.00418863
0.004528574,0.004183944
0.004522905,0.004179266
0.004517253,0.004174596
0.004511618,0.004169934
0.004505999,0.00416528
0.004500396,0.004160634
0.00449481,0.004155995
0.00448924,0.004151365
0.004483686,0.004146742
0.004478147,0.004142127
0.004472625,0.004137521
0.004467118,0.004132922
0.004461627,0.004128331
0.004456151,0.004123748
0.004450691,0.004119173
0.004445245,0.004114606
0.004439815,0.004110047
0.0044344,0.004105496
0.004429,0.004100953
0.004423614,0.004096419
0.004418243,0.004091892
0.004412886,0.004087373
0.004407544,0.004082863
0.004402216,0.004078361
0.004396902,0.004073867
0.004391602,0.004069381
0.004386316,0.004064903
0.004381044,0.004060434
0.004375785,0.004055972
0.00437054,0.004051519
0.004365308,0.004047075
0.004360089,0.004042638
0.004354883,0.00403821
0.00434969,0.004033791
0.00434451,0.004029379
0.004339343,0.004024976
0.004334188,0.004020582
0.004329046,0.004016196
0.004323916,0.004011818
0.004318799,0.004007449
0.004313693,0.004003088
0.0043086,0.003998736
0.004303518,0.003994392
0.004298448,0.003990057
0.00429339,0.00398573
0.004288343,0.003981412
0.004283308,0.003977103
0.004278284,0.003972802
0.004273271,0.003968509
0.004268269,0.003964226
0.004263279,0.003959951
0.004258299,0.003955684
0.004253329,0.003951427
0.004248371,0.003947178
0.004243423,0.003942938
0.004238485,0.003938706
0.004233558,0.003934483
0.004228641,0.003930269
0.004223734,0.003926064
0.004218837,0.003921867
0.00421395,0.003917679
0.004209073,0.0039135
0.004204205,0.00390933
0.004199348,0.003905168
0.004194499,0.003901016
0.004189661,0.003896872
0.004184832,0.003892737
0.004180012,0.00388861
0.004175201,0.003884493
0.0041704,0.003880384
0.004165608,0.003876284
0.004160824,0.003872193
0.00415605,0.003868111
0.004151285,0.003864038
0.004146528,0.003859973
0.00414178,0.003855917
0.004137041,0.00385187
0.00413231,0.003847832
0.004127588,0.003843803
0.004122875,0.003839782
0.00411817,0.00383577
0.004113473,0.003831767
0.004108785,0.003827773
0.004104105,0.003823788
0.004099433,0.003819811
0.00409477,0.003815843
0.004090114,0.003811884
0.004085467,0.003807933
0.004080828,0.003803991
0.004076197,0.003800058
0.004071573,0.003796134
0.004066958,0.003792218
0.004062351,0.003788311
0.004057752,0.003784412
0.00405316,0.003780522
0.004048576,0.003776641
0.004044,0.003772768
0.004039432,0.003768904
0.004034872,0.003765048
0.004030319,0.003761201
0.004025774,0.003757362
0.004021237,0.003753532
0.004016708,0.00374971
0.004012186,0.003745896
0.004007672,0.003742091
0.004003165,0.003738294
0.003998666,0.003734506
0.003994175,0.003730726
0.003989691,0.003726954
0.003985215,0.00372319
0.003980747,0.003719435
0.003976286,0.003715688
0.003971833,0.003711949
0.003967387,0.003708218
0.003962949,0.003704495
0.003958518,0.00370078
0.003954096,0.003697073
0.00394968,0.003693375
0.003945273,0.003689684
0.003940873,0.003686001
0.00393648,0.003682326
0.003932096,0.003678658
0.003927719,0.003674999
0.003923349,0.003671347
0.003918987,0.003667703
0.003914633,0.003664067
0.003910287,0.003660439
0.003905948,0.003656818
0.003901617,0.003653204
0.003897294,0.003649598
0.003892978,0.003646
0.00388867,0.003642409
0.00388437,0.003638825
0.003880078,0.003635249
0.003875793,0.003631681
0.003871517,0.003628119
0.003867248,0.003624565
0.003862987,0.003621018
0.003858734,0.003617478
0.003854489,0.003613945
0.003850251,0.003610419
0.003846022,0.003606901
0.003841801,0.003603389
0.003837587,0.003599884
0.003833382,0.003596386
0.003829184,0.003592895
0.003824995,0.003589411
0.003820814,0.003585934
0.00381664,0.003582463
0.003812475,0.003579
0.003808318,0.003575542
0.003804169,0.003572092
0.003800028,0.003568648
0.003795896,0.00356521
0.003791771,0.003561779
0.003787655,0.003558354
0.003783547,0.003554936
0.003779447,0.003551524
0.003775355,0.003548119
0.003771272,0.00354472
0.003767197,0.003541327
0.00376313,0.00353794
0.003759072,0.003534559
0.003755022,0.003531185
0.00375098,0.003527816
0.003746947,0.003524454
0.003742922,0.003521097
0.003738905,0.003517747
0.003734897,0.003514402
0.003730897,0.003511063
0.003726906,0.003507731
0.003722923,0.003504403
0.003718949,0.003501082
0.003714983,0.003497767
0.003711025,0.003494457
0.003707076,0.003491152
0.003703136,0.003487854
0.003699204,0.003484561
0.00369528,0.003481273
0.003691365,0.003477991
0.003687459,0.003474715
0.003683561,0.003471444
0.003679672,0.003468178
0.003675791,0.003464918
0.003671918,0.003461663
0.003668054,0.003458413
0.003664199,0.003455169
0.003660352,0.00345193
0.003656514,0.003448696
0.003652684,0.003445467
0.003648863,0.003442243
0.003645051,0.003439025
0.003641246,0.003435812
0.003637451,0.003432604
0.003633664,0.0034294
0.003629885,0.003426202
0.003626115,0.003423009
0.003622353,0.003419821
0.0036186,0.003416638
0.003614855,0.00341346
0.003611119,0.003410286
0.003607391,0.003407118
0.003603672,0.003403954
0.003599961,0.003400796
0.003596258,0.003397642
0.003592564,0.003394493
0.003588878,0.003391348
0.003585201,0.003388209
0.003581532,0.003385074
0.003577871,0.003381944
0.003574218,0.003378818
0.003570574,0.003375698
0.003566938,0.003372582
0.00356331,0.00336947
0.003559691,0.003366364
0.00355608,0.003363262
0.003552476,0.003360164
0.003548881,0.003357071
0.003545294,0.003353983
0.003541716,0.003350899
0.003538145,0.00334782
0.003534582,0.003344746
0.003531027,0.003341676
0.003527481,0.00333861
0.003523942,0.003335549
0.003520411,0.003332493
0.003516888,0.003329441
0.003513373,0.003326394
0.003509866,0.003323351
0.003506366,0.003320313
0.003502874,0.003317279
0.003499391,0.003314249
0.003495914,0.003311224
0.003492446,0.003308204
0.003488985,0.003305188
0.003485531,0.003302176
0.003482085,0.003299169
0.003478647,0.003296166
0.003475216,0.003293168
0.003471793,0.003290175
0.003468377,0.003287185
0.003464969,0.0032842
0.003461567,0.00328122
0.003458174,0.003278244
0.003454787,0.003275273
0.003451407,0.003272305
0.003448035,0.003269343
0.00344467,0.003266385
0.003441312,0.003263431
0.003437961,0.003260482
0.003434618,0.003257537
0.003431281,0.003254596
0.003427951,0.00325166
0.003424628,0.003248729
0.003421312,0.003245802
0.003418002,0.003242879
0.0034147,0.003239961
0.003411404,0.003237047
0.003408115,0.003234138
0.003404833,0.003231233
0.003401557,0.003228333
0.003398288,0.003225437
0.003395025,0.003222546
0.003391769,0.003219659
0.00338852,0.003216777
0.003385276,0.003213899
0.00338204,0.003211026
0.003378809,0.003208157
0.003375585,0.003205292
0.003372367,0.003202433
0.003369155,0.003199577
0.00336595,0.003196726
0.003362751,0.00319388
0.003359558,0.003191038
0.00335637,0.003188201
0.003353189,0.003185369
0.003350014,0.00318254
0.003346845,0.003179717
0.003343682,0.003176898
0.003340525,0.003174083
0.003337373,0.003171273
0.003334227,0.003168468
0.003331087,0.003165667
0.003327953,0.003162871
0.003324825,0.003160079
0.003321702,0.003157292
0.003318585,0.00315451
0.003315473,0.003151732
0.003312367,0.003148959
0.003309267,0.00314619
0.003306172,0.003143426
0.003303082,0.003140667
0.003299998,0.003137912
0.003296919,0.003135161
0.003293846,0.003132416
0.003290778,0.003129675
0.003287715,0.003126938
0.003284658,0.003124207
0.003281605,0.003121479
0.003278558,0.003118757
0.003275517,0.003116039
0.00327248,0.003113326
0.003269448,0.003110617
0.003266422,0.003107913
0.0032634,0.003105214
0.003260384,0.003102519
0.003257373,0.003099829
0.003254366,0.003097144
0.003251365,0.003094463
0.003248368,0.003091787
0.003245377,0.003089115
0.00324239,0.003086448
0.003239408,0.003083786
0.003236431,0.003081128
0.003233459,0.003078475
0.003230492,0.003075827
0.003227529,0.003073183
0.003224571,0.003070544
0.003221618,0.003067909
0.00321867,0.003065279
0.003215726,0.003062654
0.003212787,0.003060033
0.003209853,0.003057417
0.003206923,0.003054806
0.003203998,0.003052199
0.003201078,0.003049596
0.003198162,0.003046999
0.003195251,0.003044406
0.003192344,0.003041817
0.003189442,0.003039233
0.003186545,0.003036654
0.003183652,0.003034079
0.003180763,0.003031508
0.003177879,0.003028942
0.003174999,0.003026381
0.003172124,0.003023824
0.003169254,0.003021272
0.003166388,0.003018724
0.003163526,0.003016181
0.003160668,0.003013642
0.003157816,0.003011108
0.003154967,0.003008578
0.003152123,0.003006053
0.003149283,0.003003532
0.003146448,0.003001016
0.003143617,0.002998504
0.003140791,0.002995996
0.003137969,0.002993493
0.003135151,0.002990994
0.003132337,0.0029885
0.003129528,0.002986009
0.003126723,0.002983524
0.003123923,0.002981042
0.003121127,0.002978565
0.003118335,0.002976093
0.003115548,0.002973624
0.003112764,0.00297116
0.003109986,0.0029687
0.003107211,0.002966245
0.003104441,0.002963793
0.003101675,0.002961346
0.003098913,0.002958903
0.003096156,0.002956465
0.003093403,0.00295403
0.003090655,0.0029516
0.00308791,0.002949174
0.00308517,0.002946752
0.003082434,0.002944334
0.003079703,0.00294192
0.003076975,0.00293951
0.003074252,0.002937105
0.003071534,0.002934703
0.003068819,0.002932306
0.003066109,0.002929912
0.003063404,0.002927523
0.003060702,0.002925137
0.003058005,0.002922756
0.003055312,0.002920379
0.003052623,0.002918005
0.003049939,0.002915635
0.003047259,0.00291327
0.003044583,0.002910908
0.003041912,0.00290855
0.003039244,0.002906196
0.003036582,0.002903845
0.003033923,0.002901499
0.003031269,0.002899156
0.003028619,0.002896818
0.003025973,0.002894483
0.003023331,0.002892151
0.003020694,0.002889824
0.003018061,0.0028875
0.003015433,0.00288518
0.003012809,0.002882863
0.003010189,0.00288055
0.003007573,0.002878241
0.003004962,0.002875936
0.003002355,0.002873634
0.002999752,0.002871335
0.002997153,0.002869041
0.002994559,0.00286675
0.002991969,0.002864462
0.002989384,0.002862178
0.002986803,0.002859897
0.002984226,0.00285762
0.002981653,0.002855346
0.002979085,0.002853076
0.00297652,0.002850809
0.002973961,0.002848546
0.002971405,0.002846286
0.002968854,0.00284403
0.002966307,0.002841776
0.002963764,0.002839527
0.002961226,0.00283728
0.002958692,0.002835037
0.002956162,0.002832797
0.002953637,0.002830561
0.002951116,0.002828327
0.002948599,0.002826097
0.002946086,0.00282387
0.002943578,0.002821647
0.002941074,0.002819427
0.002938574,0.002817209
0.002936079,0.002814996
0.002933587,0.002812785
0.0029311,0.002810577
0.002928618,0.002808373
0.002926139,0.002806171
0.002923665,0.002803973
0.002921195,0.002801778
0.002918729,0.002799586
0.002916268,0.002797397
0.00291381,0.002795211
0.002911357,0.002793028
0.002908909,0.002790848
0.002906464,0.002788672
0.002904024,0.002786498
0.002901587,0.002784327
0.002899155,0.002782159
0.002896728,0.002779994
0.002894304,0.002777833
0.002891884,0.002775674
0.002889469,0.002773518
0.002887058,0.002771365
0.002884651,0.002769215
0.002882248,0.002767067
0.00287985,0.002764923
0.002877455,0.002762782
0.002875065,0.002760643
0.002872679,0.002758508
0.002870296,0.002756375
0.002867918,0.002754245
0.002865544,0.002752118
0.002863174,0.002749994
0.002860809,0.002747872
0.002858447,0.002745754
0.002856089,0.002743638
0.002853735,0.002741525
0.002851386,0.002739415
0.00284904,0.002737307
0.002846699,0.002735203
0.002844361,0.002733101
0.002842028,0.002731002
0.002839698,0.002728906
0.002837372,0.002726812
0.002835051,0.002724722
0.002832733,0.002722634
0.002830419,0.002720548
0.002828109,0.002718466
0.002825803,0.002716386
0.002823501,0.002714309
0.002821203,0.002712235
0.002818909,0.002710163
0.002816618,0.002708094
0.002814332,0.002706028
0.002812049,0.002703965
0.00280977,0.002701904
0.002807495,0.002699846
0.002805224,0.002697791
0.002802957,0.002695738
0.002800693,0.002693688
0.002798433,0.002691641
0.002796177,0.002689596
0.002793924,0.002687554
0.002791676,0.002685515
0.002789431,0.002683479
0.002787189,0.002681445
0.002784952,0.002679414
0.002782718,0.002677385
0.002780488,0.002675359
0.002778261,0.002673336
0.002776038,0.002671316
0.002773819,0.002669298
0.002771603,0.002667283
0.002769391,0.00266527
0.002767182,0.00266326
0.002764977,0.002661253
0.002762776,0.002659249
0.002760578,0.002657247
0.002758383,0.002655248
0.002756192,0.002653251
0.002754005,0.002651258
0.002751821,0.002649266
0.00274964,0.002647278
0.002747463,0.002645292
0.00274529,0.002643309
0.00274312,0.002641329
0.002740953,0.002639351
0.002738789,0.002637376
0.002736629,0.002635403
0.002734473,0.002633433
0.00273232,0.002631466
0.00273017,0.002629502
0.002728023,0.00262754
0.00272588,0.002625581
0.00272374,0.002623624
0.002721603,0.00262167
0.00271947,0.002619719
0.002717339,0.002617771
0.002715212,0.002615825
0.002713089,0.002613882
0.002710968,0.002611941
0.002708851,0.002610003
0.002706737,0.002608068
0.002704626,0.002606136
0.002702518,0.002604206
0.002700414,0.002602279
0.002698312,0.002600354
0.002696214,0.002598433
0.002694119,0.002596514
0.002692027,0.002594597
0.002689938,0.002592683
0.002687852,0.002590772
0.002685769,0.002588864
0.002683689,0.002586958
0.002681612,0.002585055
0.002679539,0.002583155
0.002677468,0.002581257
0.0026754,0.002579362
0.002673336,0.00257747
0.002671274,0.00257558
0.002669215,0.002573693
0.00266716,0.002571809
0.002665107,0.002569928
0.002663057,0.002568049
0.00266101,0.002566172
0.002658966,0.002564299
0.002656925,0.002562428
0.002654887,0.00256056
0.002652852,0.002558694
0.002650819,0.002556831
0.00264879,0.002554971
0.002646763,0.002553114
0.002644739,0.002551259
0.002642718,0.002549407
0.0026407,0.002547557
0.002638685,0.00254571
0.002636672,0.002543866
0.002634663,0.002542025
0.002632656,0.002540186
0.002630652,0.00253835
0.002628651,0.002536516
0.002626652,0.002534685
0.002624656,0.002532857
0.002622663,0.002531031
0.002620673,0.002529208
0.002618686,0.002527388
0.002616701,0.00252557
0.002614719,0.002523755
0.00261274,0.002521943
0.002610763,0.002520133
0.002608789,0.002518326
0.002606818,0.002516522
0.00260485,0.00251472
0.002602884,0.002512921
0.002600921,0.002511124
0.00259896,0.00250933
0.002597003,0.002507539
0.002595048,0.00250575
0.002593095,0.002503964
0.002591145,0.00250218
0.002589198,0.002500399
0.002587254,0.002498621
0.002585312,0.002496845
0.002583373,0.002495072
0.002581436,0.002493301
0.002579502,0.002491533
0.002577571,0.002489768
0.002575642,0.002488005
0.002573716,0.002486245
0.002571793,0.002484487
0.002569872,0.002482732
0.002567953,0.002480979
0.002566038,0.002479229
0.002564125,0.002477481
0.002562214,0.002475736
0.002560306,0.002473993
0.002558401,0.002472253
0.002556498,0.002470515
0.002554598,0.00246878
0.0025527,0.002467048
0.002550805,0.002465318
0.002548912,0.00246359
0.002547022,0.002461865
0.002545135,0.002460142
0.00254325,0.002458422
0.002541367,0.002456704
0.002539488,0.002454989
0.00253761,0.002453276
0.002535735,0.002451565
0.002533863,0.002449857
0.002531993,0.002448152
0.002530126,0.002446448
0.002528262,0.002444748
0.0025264,0.002443049
0.00252454,0.002441353
0.002522683,0.002439659
0.002520828,0.002437968
0.002518976,0.002436279
0.002517127,0.002434593
0.00251528,0.002432909
0.002513435,0.002431227
0.002511593,0.002429547
0.002509754,0.00242787
0.002507917,0.002426195
0.002506082,0.002424523
0.00250425,0.002422852
0.00250242,0.002421184
0.002500593,0.002419519
0.002498769,0.002417855
0.002496947,0.002416194
0.002495127,0.002414535
0.00249331,0.002412879
0.002491496,0.002411225
0.002489683,0.002409572
0.002487874,0.002407923
0.002486067,0.002406275
0.002484262,0.00240463
0.00248246,0.002402986
0.00248066,0.002401345
0.002478863,0.002399706
0.002477068,0.00239807
0.002475276,0.002396435
0.002473486,0.002394803
0.002471698,0.002393173
0.002469913,0.002391545
0.002468131,0.002389919
0.002466351,0.002388295
0.002464573,0.002386674
0.002462798,0.002385054
0.002461026,0.002383437
0.002459255,0.002381822
0.002457488,0.002380209
0.002455722,0.002378598
0.002453959,0.002376989
0.002452199,0.002375382
0.002450441,0.002373777
0.002448685,0.002372174
0.002446932,0.002370574
0.002445182,0.002368975
0.002443433,0.002367378
0.002441688,0.002365784
0.002439944,0.002364191
0.002438203,0.002362601
0.002436465,0.002361012
0.002434728,0.002359425
0.002432995,0.002357841
0.002431263,0.002356258
0.002429535,0.002354678
0.002427808,0.002353099
0.002426084,0.002351522
0.002424362,0.002349948
0.002422643,0.002348375
0.002420926,0.002346804
0.002419212,0.002345235
0.0024175,0.002343668
0.00241579,0.002342103
0.002414083,0.00234054
0.002412378,0.002338979
0.002410675,0.00233742
0.002408975,0.002335862
0.002407277,0.002334307
0.002405582,0.002332753
0.002403889,0.002331202
0.002402198,0.002329652
0.00240051,0.002328104
0.002398824,0.002326558
0.00239714,0.002325013
0.002395459,0.002323471
0.00239378,0.002321931
0.002392103,0.002320392
0.002390429,0.002318855
0.002388757,0.00231732
0.002387088,0.002315787
0.002385421,0.002314256
0.002383756,0.002312726
0.002382093,0.002311198
0.002380433,0.002309672
0.002378775,0.002308148
0.002377119,0.002306626
0.002375466,0.002305106
0.002373815,0.002303587
0.002372166,0.00230207
0.002370519,0.002300555
0.002368875,0.002299042
0.002367233,0.00229753
0.002365594,0.00229602
0.002363956,0.002294512
0.002362321,0.002293006
0.002360688,0.002291501
0.002359058,0.002289999
0.00235743,0.002288498
0.002355803,0.002286999
0.00235418,0.002285501
0.002352558,0.002284005
0.002350939,0.002282512
0.002349322,0.002281019
0.002347707,0.002279529
0.002346094,0.00227804
0.002344483,0.002276553
0.002342875,0.002275068
0.002341269,0.002273584
0.002339665,0.002272103
0.002338064,0.002270622
0.002336464,0.002269144
0.002334867,0.002267667
0.002333272,0.002266193
0.002331679,0.002264719
0.002330088,0.002263248
0.002328499,0.002261778
0.002326913,0.00226031
0.002325329,0.002258844
0.002323746,0.002257379
0.002322166,0.002255916
0.002320588,0.002254455
0.002319013,0.002252995
0.002317439,0.002251538
0.002315868,0.002250081
0.002314298,0.002248627
0.002312731,0.002247174
0.002311166,0.002245723
0.002309602,0.002244274
0.002308041,0.002242826
0.002306482,0.00224138
0.002304926,0.002239936
0.002303371,0.002238494
0.002301818,0.002237053
0.002300267,0.002235614
0.002298719,0.002234176
0.002297172,0.00223274
0.002295628,0.002231306
0.002294085,0.002229874
0.002292545,0.002228443
0.002291006,0.002227014
0.00228947,0.002225587
0.002287936,0.002224161
0.002286403,0.002222737
0.002284873,0.002221315
0.002283344,0.002219894
0.002281818,0.002218475
0.002280294,0.002217058
0.002278771,0.002215642
0.002277251,0.002214228
0.002275732,0.002212816
0.002274216,0.002211405
0.002272701,0.002209997
0.002271189,0.002208589
0.002269678,0.002207184
0.002268169,0.00220578
0.002266663,0.002204378
0.002265158,0.002202977
0.002263655,0.002201579
0.002262154,0.002200182
0.002260655,0.002198786
0.002259158,0.002197392
0.002257662,0.002196
0.002256169,0.00219461
0.002254677,0.002193221
0.002253188,0.002191834
0.0022517,0.002190449
0.002250214,0.002189065
0.00224873,0.002187683
0.002247248,0.002186302
0.002245768,0.002184924
0.00224429,0.002183547
0.002242813,0.002182171
0.002241339,0.002180798
0.002239866,0.002179426
0.002238395,0.002178055
0.002236926,0.002176687
0.002235458,0.002175319
0.002233993,0.002173954
0.002232529,0.00217259
0.002231068,0.002171228
0.002229607,0.002169868
0.002228149,0.002168509
0.002226693,0.002167152
0.002225238,0.002165797
0.002223785,0.002164443
0.002222334,0.002163091
0.002220885,0.002161741
0.002219438,0.002160392
0.002217992,0.002159045
0.002216548,0.002157699
0.002215106,0.002156356
0.002213665,0.002155013
0.002212227,0.002153673
0.00221079,0.002152334
0.002209354,0.002150997
0.002207921,0.002149661
0.002206489,0.002148327
0.002205059,0.002146995
0.002203631,0.002145664
0.002202205,0.002144335
0.00220078,0.002143008
0.002199357,0.002141682
0.002197936,0.002140358
0.002196516,0.002139036
0.002195098,0.002137715
0.002193682,0.002136396
0.002192267,0.002135078
0.002190855,0.002133762
0.002189444,0.002132448
0.002188034,0.002131135
0.002186627,0.002129824
0.002185221,0.002128515
0.002183816,0.002127207
0.002182414,0.002125901
0.002181013,0.002124596
0.002179613,0.002123293
0.002178216,0.002121992
0.00217682,0.002120692
0.002175425,0.002119394
0.002174033,0.002118097
0.002172642,0.002116802
0.002171253,0.002115509
0.002169865,0.002114217
0.002168479,0.002112926
0.002167094,0.002111638
0.002165712,0.002110351
0.002164331,0.002109065
0.002162951,0.002107781
0.002161573,0.002106499
0.002160197,0.002105218
0.002158823,0.002103939
0.00215745,0.002102661
0.002156079,0.002101385
0.002154709,0.00210011
0.002153341,0.002098837
0.002151974,0.002097566
0.00215061,0.002096296
0.002149246,0.002095028
0.002147885,0.002093761
0.002146525,0.002092496
0.002145167,0.002091232
0.00214381,0.00208997
0.002142455,0.002088709
0.002141101,0.00208745
0.002139749,0.002086192
0.002138399,0.002084936
0.00213705,0.002083681
0.002135703,0.002082428
0.002134358,0.002081176
0.002133014,0.002079926
0.002131671,0.002078678
0.00213033,0.00207743
0.002128991,0.002076185
0.002127654,0.002074941
0.002126318,0.002073698
0.002124983,0.002072457
0.00212365,0.002071217
0.002122319,0.002069979
0.002120989,0.002068742
0.002119661,0.002067507
0.002118334,0.002066273
0.002117009,0.00206504
0.002115686,0.002063809
0.002114364,0.00206258
0.002113044,0.002061352
0.002111725,0.002060125
0.002110408,0.0020589
0.002109092,0.002057676
0.002107778,0.002056454
0.002106465,0.002055233
0.002105154,0.002054013
0.002103845,0.002052795
0.002102537,0.002051578
0.002101231,0.002050363
0.002099926,0.002049149
0.002098623,0.002047937
0.002097321,0.002046726
0.002096021,0.002045516
0.002094722,0.002044308
0.002093425,0.002043101
0.002092129,0.002041895
0.002090835,0.002040691
0.002089543,0.002039488
0.002088252,0.002038287
0.002086962,0.002037086
0.002085675,0.002035888
0.002084388,0.00203469
0.002083103,0.002033494
0.00208182,0.0020323
0.002080538,0.002031106
0.002079258,0.002029914
0.002077979,0.002028724
0.002076702,0.002027534
0.002075426,0.002026346
0.002074152,0.00202516
0.002072879,0.002023974
0.002071608,0.00202279
0.002070338,0.002021607
0.00206907,0.002020426
0.002067804,0.002019246
0.002066538,0.002018067
0.002065275,0.00201689
0.002064013,0.002015713
0.002062752,0.002014538
0.002061493,0.002013365
0.002060235,0.002012192
0.002058979,0.002011021
0.002057724,0.002009851
0.002056471,0.002008683
0.002055219,0.002007516
0.002053969,0.00200635
0.00205272,0.002005185
0.002051473,0.002004021
0.002050227,0.002002859
0.002048983,0.002001698
0.00204774,0.002000539
0.002046499,0.00199938
0.002045259,0.001998223
0.00204402,0.001997067
0.002042783,0.001995912
0.002041548,0.001994759
0.002040314,0.001993606
0.002039081,0.001992455
0.00203785,0.001991306
0.002036621,0.001990157
0.002035393,0.00198901
0.002034166,0.001987864
0.002032941,0.001986719
0.002031717,0.001985575
0.002030494,0.001984432
0.002029273,0.001983291
0.002028054,0.001982151
0.002026836,0.001981012
0.002025619,0.001979875
0.002024404,0.001978738
0.002023191,0.001977603
0.002021978,0.001976469
0.002020767,0.001975336
0.002019558,0.001974204
0.00201835,0.001973074
0.002017143,0.001971944
0.002015938,0.001970816
0.002014734,0.001969689
0.002013532,0.001968563
0.002012331,0.001967439
0.002011132,0.001966315
0.002009934,0.001965193
0.002008737,0.001964072
0.002007542,0.001962952
0.002006348,0.001961833
0.002005155,0.001960716
0.002003964,0.001959599
0.002002775,0.001958484
0.002001586,0.00195737
0.0020004,0.001956257
0.001999214,0.001955145
0.00199803,0.001954035
0.001996847,0.001952925
0.001995666,0.001951817
0.001994486,0.00195071
0.001993307,0.001949604
0.00199213,0.001948499
0.001990954,0.001947395
0.00198978,0.001946293
0.001988607,0.001945191
0.001987435,0.001944091
0.001986264,0.001942992
0.001985095,0.001941894
0.001983928,0.001940797
0.001982761,0.001939701
0.001981596,0.001938607
0.001980433,0.001937513
0.00197927,0.001936421
0.001978109,0.00193533
0.00197695,0.00193424
0.001975791,0.001933151
0.001974634,0.001932063
0.001973479,0.001930977
0.001972324,0.001929891
0.001971171,0.001928807
0.00197002,0.001927724
0.001968869,0.001926641
0.00196772,0.00192556
0.001966573,0.001924481
0.001965426,0.001923402
0.001964281,0.001922324
0.001963137,0.001921248
0.001961995,0.001920173
0.001960854,0.001919098
0.001959714,0.001918025
0.001958575,0.001916953
0.001957438,0.001915882
0.001956302,0.001914813
0.001955167,0.001913744
0.001954034,0.001912676
0.001952901,0.00191161
0.001951771,0.001910545
0.001950641,0.001909481
0.001949513,0.001908418
0.001948385,0.001907356
0.00194726,0.001906295
0.001946135,0.001905235
0.001945012,0.001904177
0.00194389,0.001903119
0.001942769,0.001902063
0.001941649,0.001901008
0.001940531,0.001899953
0.001939414,0.0018989
0.001938298,0.001897849
0.001937184,0.001896798
0.00193607,0.001895748
0.001934958,0.001894699
0.001933848,0.001893652
0.001932738,0.001892606
0.00193163,0.00189156
0.001930522,0.001890516
0.001929416,0.001889473
0.001928312,0.001888431
0.001927208,0.00188739
0.001926106,0.001886351
0.001925005,0.001885312
0.001923905,0.001884275
0.001922806,0.001883238
0.001921709,0.001882203
0.001920613,0.001881169
0.001919518,0.001880135
0.001918424,0.001879103
0.001917331,0.001878072
0.00191624,0.001877043
0.001915149,0.001876014
0.00191406,0.001874986
0.001912972,0.00187396
0.001911886,0.001872934
0.0019108,0.00187191
0.001909716,0.001870887
0.001908633,0.001869864
0.001907551,0.001868843
0.00190647,0.001867823
0.00190539,0.001866804
0.001904312,0.001865787
0.001903234,0.00186477
0.001902158,0.001863754
0.001901083,0.00186274
0.001900009,0.001861726
0.001898937,0.001860714
0.001897865,0.001859702
0.001896795,0.001858692
0.001895725,0.001857683
0.001894657,0.001856675
0.00189359,0.001855668
0.001892524,0.001854662
0.00189146,0.001853657
0.001890396,0.001852653
0.001889334,0.001851651
0.001888273,0.001850649
0.001887212,0.001849649
0.001886153,0.001848649
0.001885095,0.001847651
0.001884039,0.001846653
0.001882983,0.001845657
0.001881929,0.001844662
0.001880875,0.001843668
0.001879823,0.001842675
0.001878772,0.001841683
0.001877722,0.001840692
0.001876673,0.001839702
0.001875625,0.001838713
0.001874578,0.001837725
0.001873533,0.001836738
0.001872488,0.001835752
0.001871445,0.001834768
0.001870402,0.001833784
0.001869361,0.001832802
0.001868321,0.00183182
0.001867282,0.00183084
0.001866244,0.00182986
0.001865207,0.001828882
0.001864172,0.001827904
0.001863137,0.001826928
0.001862103,0.001825953
0.001861071,0.001824979
0.00186004,0.001824005
0.001859009,0.001823033
0.00185798,0.001822062
0.001856952,0.001821092
0.001855925,0.001820123
0.001854899,0.001819155
0.001853874,0.001818188
0.00185285,0.001817222
0.001851827,0.001816257
0.001850806,0.001815293
0.001849785,0.00181433
0.001848765,0.001813368
0.001847747,0.001812407
0.001846729,0.001811447
0.001845713,0.001810488
0.001844698,0.00180953
0.001843684,0.001808573
0.00184267,0.001807617
0.001841658,0.001806662
0.001840647,0.001805708
0.001839637,0.001804755
0.001838628,0.001803803
0.00183762,0.001802852
0.001836613,0.001801902
0.001835608,0.001800953
0.001834603,0.001800005
0.001833599,0.001799058
0.001832597,0.001798112
0.001831595,0.001797167
0.001830594,0.001796222
0.001829595,0.001795279
0.001828596,0.001794337
0.001827599,0.001793396
0.001826602,0.001792456
0.001825607,0.001791516
0.001824613,0.001790578
0.001823619,0.001789641
0.001822627,0.001788704
0.001821636,0.001787769
0.001820646,0.001786834
0.001819657,0.001785901
0.001818668,0.001784968
0.001817681,0.001784036
0.001816695,0.001783106
0.00181571,0.001782176
0.001814726,0.001781247
0.001813743,0.001780319
0.001812761,0.001779392
0.00181178,0.001778466
0.0018108,0.001777541
0.001809821,0.001776617
0.001808843,0.001775694
0.001807866,0.001774771
0.00180689,0.00177385
0.001805916,0.00177293
0.001804942,0.00177201
0.001803969,0.001771091
0.001802997,0.001770174
0.001802026,0.001769257
0.001801056,0.001768341
0.001800088,0.001767426
0.00179912,0.001766512
0.001798153,0.001765599
0.001797187,0.001764687
0.001796222,0.001763775
0.001795259,0.001762865
0.001794296,0.001761955
0.001793334,0.001761046
0.001792373,0.001760139
0.001791413,0.001759232
0.001790455,0.001758326
0.001789497,0.001757421
0.00178854,0.001756516
0.001787584,0.001755613
0.001786629,0.00175471
0.001785675,0.001753809
0.001784723,0.001752908
0.001783771,0.001752008
0.00178282,0.001751109
0.00178187,0.001750211
0.001780921,0.001749314
0.001779973,0.001748418
0.001779026,0.001747522
0.00177808,0.001746627
0.001777135,0.001745734
0.001776191,0.001744841
0.001775248,0.001743949
0.001774306,0.001743057
0.001773365,0.001742167
0.001772425,0.001741278
0.001771486,0.001740389
0.001770548,0.001739501
0.00176961,0.001738614
0.001768674,0.001737728
0.001767739,0.001736843
0.001766805,0.001735959
0.001765871,0.001735075
0.001764939,0.001734192
0.001764008,0.00173331
0.001763077,0.001732429
0.001762148,0.001731549
0.001761219,0.00173067
0.001760292,0.001729791
0.001759365,0.001728913
0.001758439,0.001728037
0.001757515,0.001727161
0.001756591,0.001726285
0.001755668,0.001725411
0.001754746,0.001724537
0.001753825,0.001723665
0.001752905,0.001722793
0.001751986,0.001721922
0.001751068,0.001721051
0.001750151,0.001720182
0.001749235,0.001719313
0.00174832,0.001718445
0.001747405,0.001717578
0.001746492,0.001716712
0.00174558,0.001715847
0.001744668,0.001714982
0.001743758,0.001714118
0.001742848,0.001713255
0.001741939,0.001712393
0.001741032,0.001711532
0.001740125,0.001710671
0.001739219,0.001709812
0.001738314,0.001708953
0.00173741,0.001708095
0.001736507,0.001707237
0.001735604,0.001706381
0.001734703,0.001705525
0.001733803,0.00170467
0.001732903,0.001703816
0.001732005,0.001702963
0.001731107,0.00170211
0.00173021,0.001701259
0.001729314,0.001700408
0.00172842,0.001699558
0.001727526,0.001698708
0.001726632,0.00169786
0.00172574,0.001697012
0.001724849,0.001696165
0.001723959,0.001695319
0.001723069,0.001694473
0.001722181,0.001693629
0.001721293,0.001692785
0.001720406,0.001691942
0.00171952,0.0016911
0.001718635,0.001690258
0.001717751,0.001689418
0.001716868,0.001688578
0.001715985,0.001687739
0.001715104,0.0016869
0.001714223,0.001686063
0.001713344,0.001685226
0.001712465,0.00168439
0.001711587,0.001683555
0.00171071,0.001682721
0.001709834,0.001681887
0.001708958,0.001681054
0.001708084,0.001680222
0.00170721,0.001679391
0.001706338,0.00167856
0.001705466,0.001677731
0.001704595,0.001676902
0.001703725,0.001676074
0.001702856,0.001675246
0.001701987,0.00167442
0.00170112,0.001673594
0.001700253,0.001672769
0.001699388,0.001671944
0.001698523,0.001671121
0.001697659,0.001670298
0.001696795,0.001669476
0.001695933,0.001668655
0.001695072,0.001667834
0.001694211,0.001667015
0.001693351,0.001666196
0.001692492,0.001665378
0.001691634,0.00166456
0.001690777,0.001663744
0.00168992,0.001662928
0.001689065,0.001662113
0.00168821,0.001661299
0.001687356,0.001660485
0.001686503,0.001659672
0.001685651,0.00165886
0.0016848,0.001658049
0.001683949,0.001657239
0.001683099,0.001656429
0.00168225,0.00165562
0.001681402,0.001654812
0.001680555,0.001654004
0.001679709,0.001653198
0.001678863,0.001652392
0.001678018,0.001651587
0.001677174,0.001650782
0.001676331,0.001649979
0.001675489,0.001649176
0.001674647,0.001648374
0.001673807,0.001647572
0.001672967,0.001646772
0.001672128,0.001645972
0.001671289,0.001645173
0.001670452,0.001644374
0.001669615,0.001643577
0.00166878,0.00164278
0.001667945,0.001641984
0.00166711,0.001641189
0.001666277,0.001640394
0.001665444,0.0016396
0.001664612,0.001638807
0.001663781,0.001638015
0.001662951,0.001637223
0.001662122,0.001636432
0.001661293,0.001635642
0.001660465,0.001634853
0.001659638,0.001634064
0.001658812,0.001633277
0.001657987,0.00163249
0.001657162,0.001631703
0.001656338,0.001630918
0.001655515,0.001630133
0.001654693,0.001629349
0.001653871,0.001628565
0.00165305,0.001627783
0.00165223,0.001627001
0.001651411,0.001626219
0.001650593,0.001625439
0.001649775,0.001624659
0.001648958,0.00162388
0.001648142,0.001623102
0.001647327,0.001622325
0.001646512,0.001621548
0.001645699,0.001620772
0.001644886,0.001619996
0.001644073,0.001619222
0.001643262,0.001618448
0.001642451,0.001617675
0.001641641,0.001616903
0.001640832,0.001616131
0.001640024,0.00161536
0.001639216,0.00161459
0.001638409,0.00161382
0.001637603,0.001613051
0.001636798,0.001612283
0.001635993,0.001611516
0.001635189,0.001610749
0.001634386,0.001609984
0.001633584,0.001609218
0.001632782,0.001608454
0.001631981,0.00160769
0.001631181,0.001606927
0.001630382,0.001606165
0.001629583,0.001605403
0.001628785,0.001604642
0.001627988,0.001603882
0.001627192,0.001603123
0.001626396,0.001602364
0.001625602,0.001601606
0.001624807,0.001600848
0.001624014,0.001600092
0.001623221,0.001599336
0.00162243,0.001598581
0.001621638,0.001597826
0.001620848,0.001597072
0.001620058,0.001596319
0.001619269,0.001595567
0.001618481,0.001594815
0.001617694,0.001594064
0.001616907,0.001593313
0.001616121,0.001592564
0.001615336,0.001591815
0.001614551,0.001591066
0.001613767,0.001590319
0.001612984,0.001589572
0.001612202,0.001588826
0.00161142,0.00158808
0.001610639,0.001587335
0.001609859,0.001586591
0.00160908,0.001585847
0.001608301,0.001585105
0.001607523,0.001584363
0.001606746,0.001583621
0.001605969,0.00158288
0.001605194,0.00158214
0.001604418,0.001581401
0.001603644,0.001580662
0.00160287,0.001579924
0.001602097,0.001579186
0.001601325,0.00157845
0.001600554,0.001577714
0.001599783,0.001576978
0.001599013,0.001576243
0.001598243,0.001575509
0.001597475,0.001574776
0.001596707,0.001574043
0.00159594,0.001573311
0.001595173,0.00157258
0.001594407,0.001571849
0.001593642,0.001571119
0.001592878,0.001570389
0.001592114,0.00156966
0.001591351,0.001568932
0.001590589,0.001568205
0.001589827,0.001567478
0.001589066,0.001566752
0.001588306,0.001566026
0.001587547,0.001565301
0.001586788,0.001564577
0.00158603,0.001563853
0.001585272,0.00156313
0.001584516,0.001562408
0.00158376,0.001561686
0.001583004,0.001560965
0.00158225,0.001560245
0.001581496,0.001559525
0.001580743,0.001558806
0.00157999,0.001558087
0.001579238,0.001557369
0.001578487,0.001556652
0.001577737,0.001555936
0.001576987,0.00155522
0.001576238,0.001554504
0.00157549,0.00155379
0.001574742,0.001553075
0.001573995,0.001552362
0.001573249,0.001551649
0.001572503,0.001550937
0.001571758,0.001550225
0.001571014,0.001549514
0.001570271,0.001548804
0.001569528,0.001548094
0.001568786,0.001547385
0.001568044,0.001546677
0.001567303,0.001545969
0.001566563,0.001545261
0.001565824,0.001544555
0.001565085,0.001543849
0.001564347,0.001543143
0.00156361,0.001542438
0.001562873,0.001541734
0.001562137,0.001541031
0.001561401,0.001540328
0.001560667,0.001539625
0.001559933,0.001538923
0.001559199,0.001538222
0.001558467,0.001537522
0.001557735,0.001536822
0.001557003,0.001536122
0.001556273,0.001535424
0.001555543,0.001534725
0.001554813,0.001534028
0.001554085,0.001533331
0.001553357,0.001532634
0.001552629,0.001531939
0.001551903,0.001531243
0.001551177,0.001530549
0.001550451,0.001529855
0.001549727,0.001529161
0.001549002,0.001528469
0.001548279,0.001527776
0.001547556,0.001527085
0.001546834,0.001526394
0.001546113,0.001525703
0.001545392,0.001525014
0.001544672,0.001524324
0.001543953,0.001523636
0.001543234,0.001522947
0.001542516,0.00152226
0.001541798,0.001521573
0.001541082,0.001520887
0.001540365,0.001520201
0.00153965,0.001519516
0.001538935,0.001518831
0.001538221,0.001518147
0.001537507,0.001517464
0.001536794,0.001516781
0.001536082,0.001516099
0.001535371,0.001515417
0.00153466,0.001514736
0.001533949,0.001514055
0.00153324,0.001513375
0.001532531,0.001512696
0.001531822,0.001512017
0.001531114,0.001511339
0.001530407,0.001510661
0.001529701,0.001509984
0.001528995,0.001509308
0.00152829,0.001508632
0.001527585,0.001507956
0.001526881,0.001507281
0.001526178,0.001506607
0.001525475,0.001505934
0.001524773,0.001505261
0.001524072,0.001504588
0.001523371,0.001503916
0.001522671,0.001503245
0.001521971,0.001502574
0.001521272,0.001501903
0.001520574,0.001501234
0.001519877,0.001500565
0.00151918,0.001499896
0.001518483,0.001499228
0.001517787,0.001498561
0.001517092,0.001497894
0.001516398,0.001497228
0.001515704,0.001496562
0.001515011,0.001495897
0.001514318,0.001495232
0.001513626,0.001494568
0.001512934,0.001493904
0.001512244,0.001493241
0.001511553,0.001492579
0.001510864,0.001491917
0.001510175,0.001491256
0.001509487,0.001490595
0.001508799,0.001489935
0.001508112,0.001489276
0.001507425,0.001488617
0.001506739,0.001487958
0.001506054,0.0014873
0.001505369,0.001486643
0.001504685,0.001485986
0.001504002,0.00148533
0.001503319,0.001484674
0.001502636,0.001484019
0.001501955,0.001483364
0.001501274,0.00148271
0.001500593,0.001482057
0.001499913,0.001481404
0.001499234,0.001480752
0.001498555,0.0014801
0.001497877,0.001479449
0.0014972,0.001478798
0.001496523,0.001478148
0.001495847,0.001477498
0.001495171,0.001476849
0.001494496,0.0014762
0.001493821,0.001475552
0.001493147,0.001474905
0.001492474,0.001474258
0.001491801,0.001473612
0.001491129,0.001472966
0.001490457,0.001472321
0.001489786,0.001471676
0.001489116,0.001471032
0.001488446,0.001470388
0.001487777,0.001469745
0.001487108,0.001469103
0.00148644,0.001468461
0.001485773,0.001467819
0.001485106,0.001467178
0.00148444,0.001466538
0.001483774,0.001465898
0.001483109,0.001465259
0.001482444,0.00146462
0.00148178,0.001463982
0.001481117,0.001463345
0.001480454,0.001462707
0.001479791,0.001462071
0.00147913,0.001461435
0.001478468,0.001460799
0.001477808,0.001460165
0.001477148,0.00145953
0.001476488,0.001458896
0.00147583,0.001458263
0.001475171,0.00145763
0.001474514,0.001456998
0.001473856,0.001456366
0.0014732,0.001455735
0.001472544,0.001455104
0.001471888,0.001454474
0.001471233,0.001453845
0.001470579,0.001453215
0.001469925,0.001452587
0.001469272,0.001451959
0.001468619,0.001451332
0.001467967,0.001450705
0.001467316,0.001450078
0.001466665,0.001449452
0.001466014,0.001448827
0.001465364,0.001448202
0.001464715,0.001447578
0.001464066,0.001446954
0.001463418,0.001446331
0.00146277,0.001445708
0.001462123,0.001445086
0.001461477,0.001444464
0.00146083,0.001443843
0.001460185,0.001443222
0.00145954,0.001442602
0.001458896,0.001441983
0.001458252,0.001441364
0.001457609,0.001440745
0.001456966,0.001440127
0.001456324,0.00143951
0.001455682,0.001438893
